subjectNo,V1.x,ACTIVE,PERCEPTUAL,MUSICAL,SINGING,EMOTIONS,GENERAL,classical,blues,country,dancElectronica,folk,rapHipHop,soulFunk,relgious,alternative,jazz,rock,pop,heavyMetal,SoundtracksThemeSongs,familyIncome,highestFather,highestMother,melodicTraning,melodicCourses,melodicPrivate,harmonicTraning,harmonicCourses,harmonicPrivate,sightsingTraning,sightsingCourses,sightsingPrivate,instrument,age,gender,meds,listMeds,V39,V40,V41,V42,V43,V44,V45,V46,V47,V48,V49,V50,V51,V52,V53,V54,V55,V56,V57,V58,V59,V60,V61,V62,V63,V64,V65,V66,V67,V68,V69,V70,V71,V72,V73,V74,V75,V76,BeatPerception,MelodicMemory,RavensBlock1,RavensBlock2,RavensBlock3,RavensTotaljv,NumberAttempted,NumberTotalScore,NumberTotalTime,toneaccError,toneMathError,ToneAbsolute,TonePartial,TonePartialB1,TonePartialB2,TonePartialB3,ToneSpeedErr,OspanAccError,OspanMathError,MeanOspanAbsoluteScore,MeanOspanPartialScore,MeanOspanPartialScoreBlock1,MeanOspanPartialScoreBlock2,MeanOspanPartialScoreBlock3,OspanSpeedError,symmAccError,SymmSpeedError,MeanSspanAbsoluteScore,MeanSspanPartialScore,MeanSspanPartialScoreBlock1,MeanSspanPartialScoreBlock2,MeanSspanPartialScoreBlock3,MeanSymmErrorTotal,V1.y,ravensScoreA,ravensScoreB,ravensScoreC,ravenAge,ravenSex,ravenHand,ravenHearing,ravenVision,Semester Run,Source,Paid,Doubler,BLUE,YELLOW,ravenage,goldage,Exclude,ExcludeReason,Outlier,OutlierReason,DROP,wmc,AdjustedNumberSeries,RavensAvg,gf
1001,1,37,60,32,43,41,103,7,3,1,4,2,3,3,6,6,4,5,6,2,7,5,8,6,1,1,1,3,1,3,3,1,4,Voice,18,Agender,1,,5,4,5,6,2,5,6,1,3,5,7,7,7,7,7,7,6,7,6,5,6,5,1,5,4,6,7,6,5,7,7,5,7,7,7,6,7,7,11,6,8,9,11,28,11,7,5,4,5,32,47,13,17,17,1,3,5,27,43,15,12,16,2,1,0,30,37,14,10,13,1,42,8,9,11,0,female,right,No,Corrected to Normal,Fall,Sona,No,SINGLER,NO,NO,0,18,NO,NO,NO,NONE,NO,-0.0299608218780804,0.636363636363636,9.33333333333333,0.427800376997053
1002,2,32,49,9,24,32,51,5,4,5,4,3,7,5,7,4,4,5,6,1,5,3,6,6,1,1,1,1,1,1,1,1,1,voice,18,FEMALE,1,NONE,3,2,3,3,3,3,6,4,5,7,7,5,5,6,5,5,3,6,2,2,1,1,1,1,1,2,3,3,3,5,5,3,5,6,6,4,5,6,9,4,6,9,9,24,15,11,5,3,4,51,64,25,19,20,1,2,5,47,58,21,24,13,3,4,0,23,36,12,12,12,4,43,6,9,9,18,female,left,No,Normal,Fall,Sona,No,SINGLER,NO,NO,18,18,NO,NO,NO,NONE,NO,0.628323889250338,0.733333333333333,8,0.552501887655804
1003,3,32,53,19,19,35,61,5,5,6,6,5,3,4,3,7,5,7,5,3,7,7,4,4,1,1,1,1,1,1,1,1,1,trumpet,20,MALE,1,,4,1,3,3,2,5,6,3,5,6,6,6,6,6,6,6,5,6,4,2,1,5,1,4,2,4,5,2,2,3,2,1,3,7,7,5,6,7,12,7,9,10,11,30,14,11,5,1,4,26,60,21,19,20,3,1,3,56,67,22,25,20,2,0,0,22,32,12,7,13,0,44,9,10,11,20,male,right,No,Normal,Fall,Sona,No,SINGLER,NO,NO,20,20,NO,NO,NO,NONE,NO,0.554787158086178,0.785714285714286,10,1.48628032135497
1004,4,58,62,47,44,40,120,6,6,5,5,6,5,7,7,7,7,7,5,5,7,9,8,6,2,5,5,2,5,5,3,5,6,Tenor Trombone,22,MALE,1,,7,6,7,7,7,7,7,7,3,7,7,7,7,7,7,7,7,6,7,7,7,6,6,7,7,6,6,7,5,7,7,6,5,7,7,7,7,7,11,6,9,12,9,30,13,8,5,1,1,61,73,24,24,25,0,1,5,62,70,23,22,25,4,0,1,28,37,13,12,12,1,45,9,12,9,20,male,right,No,Normal,Fall,Sona,No,SINGLER,NO,NO,20,22,NO,NO,NO,NONE,NO,1.11402989257746,0.615384615384615,10,0.521283009639686
1005,5,26,40,8,33,30,55,2,2,7,4,4,7,4,4,3,3,1,6,2,5,1,2,1,1,1,1,1,1,1,1,1,1,none,18,FEMALE,1,,4,2,4,3,1,3,5,2,2,6,6,4,2,6,5,3,5,3,2,1,1,1,1,1,1,3,6,5,5,3,6,5,5,6,7,2,3,7,15,8,11,6,10,27,12,10,5,4,4,25,50,13,16,21,0,2,2,30,57,18,16,23,0,0,0,29,36,12,10,14,0,46,11,6,10,18,female,right,No,Normal,Fall,Sona,No,SINGLER,NO,NO,18,18,NO,NO,NO,NONE,NO,0.275075080256581,0.833333333333333,9,1.43755660624867
1006,6,53,52,27,36,37,93,5,5,2,7,5,7,5,5,7,5,7,7,6,6,9,8,4,1,1,1,1,1,1,1,1,1,piano,18,FEMALE,1,,6,3,6,7,5,7,7,5,7,6,6,5,6,5,6,6,5,7,5,5,3,5,1,4,4,5,7,5,5,3,6,5,5,7,7,6,5,7,12,7,9,9,8,26,13,10,5,6,8,50,65,22,20,23,2,2,3,61,71,23,25,23,1,1,6,9,28,10,8,10,7,47,9,9,8,18,female,right,No,Normal,Fall,Sona,No,SINGLER,NO,NO,18,18,NO,NO,NO,NONE,NO,0.598825822696687,0.769230769230769,8.66666666666667,0.968216271698183
1008,8,38,45,22,24,33,64,5,4,7,5,4,7,4,5,6,4,6,6,5,5,2,2,2,1,1,1,1,1,1,1,1,1,guitar,20,female,1,,3,3,4,5,4,5,6,4,4,6,6,4,5,6,6,5,2,5,5,2,4,3,1,5,2,4,6,2,3,1,5,3,5,6,6,4,6,6,11,9,9,9,6,24,14,8,5,4,5,65,71,23,25,23,1,2,2,59,70,24,25,21,0,1,0,28,34,13,12,9,1,49,9,9,6,20,female,right,No,Corrected to Normal,Fall,Sona,No,SINGLER,NO,NO,20,20,NO,NO,NO,NONE,NO,0.951723283382553,0.571428571428571,8,-0.3647643742327
1009,9,40,57,14,30,22,67,4,4,7,7,4,5,4,2,4,4,5,7,3,7,7,6,4,1,1,1,1,1,1,1,1,1,voice,20,MALE,1,,5,1,4,3,1,7,7,7,5,7,7,5,7,4,7,7,6,7,1,2,7,1,1,1,1,5,7,3,1,3,6,5,4,4,7,1,1,5,13,6,9,6,8,23,14,12,5,6,6,8,30,9,8,13,0,3,5,38,56,21,16,19,2,4,0,17,25,8,11,6,4,50,9,6,8,20,male,right,No,Normal,Fall,Sona,No,SINGLER,NO,NO,20,20,NO,NO,NO,NONE,NO,-0.641503541511009,0.857142857142857,7.66666666666667,1.14777149054604
1010,10,43,58,37,36,35,94,6,5,2,7,4,5,5,4,4,5,3,4,1,5,3,2,5,1,1,1,1,1,1,2,2,1,PIANO,21,FEMALE,1,,5,4,6,5,5,7,6,3,2,7,7,7,6,6,7,7,5,6,6,6,5,5,5,6,4,4,6,6,6,4,5,5,6,6,6,5,5,7,15,5,11,9,10,30,15,13,5,4,5,49,65,19,23,23,1,3,3,75,75,25,25,25,0,0,1,37,41,13,14,14,1,51,11,9,10,21,female,right,No,Corrected to Normal,Fall,Sona,No,SINGLER,NO,NO,21,21,NO,NO,NO,NONE,NO,1.17312028288664,0.866666666666667,10,1.94491345229922
1011,11,28,46,8,33,27,61,1,5,5,3,1,7,6,5,3,5,3,7,1,6,2,5,8,1,1,1,1,1,1,1,1,1,,18,FEMALE,1,,2,2,3,5,1,5,6,3,1,6,5,5,4,6,7,6,2,5,2,1,1,1,1,1,1,5,6,5,4,5,5,3,2,2,6,5,5,7,12,7,10,9,10,29,15,9,5,4,4,3,34,11,14,9,0,5,6,24,41,16,17,8,1,2,0,17,26,13,7,6,2,52,10,9,10,18,female,right,No,Normal,Fall,Sona,No,SINGLER,NO,NO,18,18,NO,NO,NO,NONE,NO,-0.799026122821546,0.6,9.66666666666667,0.327952658870124
1012,12,43,41,29,28,38,81,3,5,1,7,3,6,6,1,7,7,6,7,4,3,1,6,6,1,1,1,1,1,1,1,1,1,Flute,19,FEMALE,1,,6,4,6,6,3,7,6,2,3,6,6,5,5,6,7,2,1,3,6,6,1,6,1,6,3,3,7,3,5,1,5,4,5,7,7,6,6,7,15,10,11,9,7,27,15,8,5,4,5,21,59,20,19,20,1,7,9,32,53,18,12,23,2,1,0,12,24,10,6,8,1,53,11,9,7,19,female,right,No,Normal,Fall,Sona,No,SINGLER,NO,NO,19,19,NO,NO,NO,NONE,NO,-0.0464020459882909,0.533333333333333,9,-0.262083820191789
1013,13,42,45,7,23,31,61,2,3,7,6,3,6,3,6,6,5,5,7,2,6,2,9,2,1,1,1,1,1,1,1,1,1,,18,FEMALE,1,,5,2,4,6,2,7,6,4,6,4,6,6,5,6,5,6,5,2,1,1,1,1,1,1,1,4,4,4,4,3,3,1,4,6,6,4,5,6,9,7,10,9,8,27,12,9,5,5,7,37,62,20,23,19,2,2,2,56,67,21,25,21,0,3,0,37,38,14,14,10,3,54,10,9,8,18,female,right,No,Normal,Fall,Sona,No,SINGLER,NO,NO,18,18,NO,NO,NO,NONE,NO,0.83170874506476,0.75,9,0.965434265570768
1014,14,54,46,21,29,36,77,4,4,6,6,3,7,5,5,7,5,6,6,3,5,9,7,6,1,1,1,1,1,1,1,1,1,guitar,19,FEMALE,0,duloxetine alprazolam,7,2,5,7,7,7,6,7,6,2,6,6,5,6,5,6,5,5,6,1,1,5,1,5,2,3,6,2,6,2,5,5,5,6,7,5,6,7,7,8,8,8,7,23,15,11,5,1,5,16,38,11,11,16,4,5,5,46,65,20,24,21,0,3,0,7,21,6,6,9,3,55,8,8,7,19,female,right,No,Corrected to Normal,Fall,Sona,No,SINGLER,NO,NO,19,19,NO,NO,NO,NONE,NO,-0.428890484207809,0.733333333333333,7.66666666666667,0.44633258439601
1015,15,26,42,8,21,36,46,2,2,1,3,2,7,5,6,6,3,4,7,3,5,6,6,5,1,1,1,1,1,1,1,1,1,,19,FEMALE,1,,3,1,5,2,2,3,3,5,2,3,6,5,4,6,5,5,3,5,2,1,1,1,1,1,1,3,6,2,4,2,3,1,6,6,7,4,6,7,9,10,10,8,9,27,12,7,5,1,1,23,56,19,18,19,0,1,2,68,74,25,25,24,1,2,1,22,32,13,11,8,3,56,10,8,9,19,female,right,No,Normal,Fall,Sona,No,SINGLER,NO,NO,19,19,NO,NO,NO,NONE,NO,0.595255619069915,0.583333333333333,9,0.0211895842149553
1016,16,31,46,7,26,30,58,2,3,4,2,2,7,3,6,2,5,1,7,1,6,3,2,3,1,1,1,1,1,1,1,1,1,nonennone,20,FEMALE,1,NONE,4,2,5,4,3,4,4,2,3,3,6,5,6,6,6,5,4,5,1,1,1,1,1,1,1,3,6,2,2,5,6,2,4,5,5,5,6,5,12,5,4,6,5,15,15,2,1,8,9,0,24,8,7,9,1,2,5,32,53,19,16,18,3,2,1,8,20,8,9,3,3,57,4,6,5,20,female,right,No,Corrected to Normal,Fall,Sona,No,SINGLER,NO,NO,20,20,NO,NO,NO,NONE,NO,-1.033825566063,0.133333333333333,5,-3.80230269456327
1017,17,41,55,22,33,34,77,4,4,6,5,2,7,6,7,1,5,5,7,1,7,2,5,4,1,1,1,2,2,1,2,2,1,voice,22,MALE,1,na,4,1,7,6,5,5,5,5,3,7,7,5,5,6,7,6,7,5,6,4,1,3,3,4,1,3,7,5,5,7,3,3,6,7,6,4,6,5,8,7,8,8,8,24,15,10,4,7,13,15,45,14,18,13,6,10,14,24,52,15,22,15,4,1,1,12,28,11,9,8,2,58,8,8,8,22,male,right,No,Corrected to Normal,Fall,Sona,No,SINGLER,NO,NO,22,22,NO,NO,NO,NONE,NO,-0.24683088460381,0.666666666666667,8,0.174804015113479
1018,18,34,48,18,32,30,67,4,4,5,4,4,5,4,5,5,4,5,6,3,5,9,6,7,1,1,1,1,1,1,1,1,1,piano,19,FEMALE,1,na,1,2,5,3,3,5,5,6,4,5,6,6,5,6,7,5,5,3,2,2,4,2,1,5,2,5,6,5,5,2,6,3,4,6,5,5,5,5,12,8,7,8,8,23,15,13,5,3,4,24,46,18,11,17,1,5,5,62,67,21,25,21,0,1,0,14,29,9,10,10,1,59,7,8,8,19,female,right,No,Corrected to Normal,Fall,Sona,No,SINGLER,NO,NO,19,19,NO,NO,NO,NONE,NO,0.106330760423913,0.866666666666667,7.66666666666667,1.20172832948066
1019,19,32,38,10,26,32,49,4,5,4,3,4,4,4,2,6,5,5,5,1,6,6,6,6,1,1,1,1,1,1,1,1,1,piano,20,FEMALE,1,,4,1,5,4,4,2,5,5,2,5,5,7,1,3,5,5,2,5,4,1,1,1,1,1,1,4,6,2,4,2,5,3,3,5,7,4,6,7,15,11,9,9,7,25,11,8,5,1,2,15,33,9,12,12,1,5,5,4,37,16,11,10,0,1,2,7,19,6,9,4,3,60,9,9,7,20,female,left,No,Corrected to Normal,Fall,Sona,No,SINGLER,NO,NO,20,20,NO,NO,NO,NONE,NO,-1.16793644314976,0.727272727272727,8.33333333333333,0.624335020684478
1020,20,53,50,36,38,30,105,3,6,3,4,5,4,7,1,7,7,7,2,2,6,6,5,2,3,1,5,3,1,3,3,1,4,Voicen,20,FEMALE,1,,7,5,5,6,6,6,6,5,7,7,4,7,5,3,6,7,7,4,7,6,7,6,3,5,2,5,7,7,6,6,5,2,4,5,6,5,4,6,9,10,7,8,5,20,13,7,5,5,8,19,56,17,19,20,3,3,7,49,61,20,19,22,4,3,1,20,26,9,11,6,4,61,7,8,5,20,female,right,No,Normal,Fall,Sona,No,SINGLER,NO,NO,20,20,NO,NO,NO,NONE,NO,0.113729605005348,0.538461538461538,6.66666666666667,-0.976215260507091
1021,21,28,42,9,24,29,51,3,4,1,3,3,6,4,4,3,3,3,6,1,4,3,2,5,1,1,1,1,1,1,1,1,1,piano,19,female,1,,2,2,5,2,2,4,6,2,3,5,6,4,5,4,5,4,4,5,2,2,1,1,1,1,1,4,4,2,3,2,6,3,4,5,5,4,5,6,12,6,6,9,5,20,15,5,4,18,19,10,42,16,11,15,1,17,18,29,51,18,14,19,1,4,1,4,19,7,6,6,5,62,6,9,5,19,female,right,No,Corrected to Normal,Fall,Sona,No,SINGLER,NO,NO,19,19,NO,NO,NO,NONE,NO,-0.681620654186855,0.333333333333333,6.66666666666667,-2.13836256063732
1022,22,36,48,16,27,28,66,5,4,3,4,7,6,4,2,7,4,6,5,1,3,5,6,6,1,1,1,1,1,1,1,1,1,Piano,18,SHEHER,1,,3,2,6,5,3,5,6,3,3,5,6,5,5,5,6,6,5,5,4,2,1,1,1,4,3,2,5,5,5,3,5,2,2,5,5,5,5,6,12,9,10,11,12,33,13,10,5,7,9,45,63,17,25,21,2,2,3,30,51,15,17,19,1,0,0,22,33,14,8,11,0,63,10,11,12,18,female,right,No,Corrected to Normal,Fall,Sona,No,SINGLER,NO,NO,18,18,NO,NO,NO,NONE,NO,0.354011371954856,0.769230769230769,11,1.71140139451674
1023,23,53,51,16,38,36,78,6,4,7,5,7,5,5,7,7,4,7,7,3,7,6,9,8,1,1,1,1,1,1,1,1,1,voice,19,FEMALE,1,,6,3,7,5,7,7,7,5,6,6,7,6,6,3,7,7,3,6,2,2,2,5,1,3,1,6,5,4,5,5,7,6,6,7,7,4,5,7,8,4,8,8,9,25,11,4,5,8,9,24,47,18,15,14,1,8,8,35,54,17,15,22,0,3,0,13,22,8,8,6,3,64,8,8,9,19,female,right,No,Corrected to Normal,Spring,Sona,No,SINGLER,NO,NO,19,19,NO,NO,NO,NONE,NO,-0.3895544305296,0.363636363636364,8.33333333333333,-1.43583519318275
1024,24,25,50,27,29,32,71,3,3,5,5,2,5,2,6,6,4,7,5,1,6,4,8,8,1,1,1,1,1,1,1,1,1,saxophone,21,MALE,1,,2,2,3,2,2,4,5,2,3,6,6,6,3,6,6,6,5,6,6,6,4,3,1,5,2,4,5,6,5,2,5,2,4,5,6,5,6,6,9,8,8,9,7,24,15,10,5,2,3,28,56,19,15,22,1,4,4,72,74,24,25,25,0,1,2,22,32,9,13,10,3,65,8,9,7,21,male,right,No,Corrected to Normal,Spring,Sona,No,SINGLER,NO,NO,21,21,NO,NO,NO,NONE,NO,0.595255619069915,0.666666666666667,8,0.174804015113479
1025,25,50,61,36,48,41,114,7,6,2,4,4,6,5,1,7,5,7,6,2,5,5,4,8,2,3,2,2,3,2,2,3,2,Flute,19,FEMALE,1,,7,2,7,7,6,7,5,6,3,7,7,7,7,7,7,7,6,6,7,7,6,5,2,5,4,7,7,7,7,7,7,6,6,7,7,7,7,7,9,6,4,7,5,16,14,9,5,2,5,31,54,16,20,18,3,2,2,31,44,17,12,15,0,0,0,12,24,10,6,8,0,66,4,7,5,19,female,right,No,Normal,Spring,Sona,No,SINGLER,NO,NO,19,19,NO,NO,NO,NONE,NO,-0.340297626552888,0.642857142857143,5.33333333333333,-0.809442508301418
1026,26,55,59,7,36,42,86,7,7,1,4,7,7,4,1,7,7,7,5,4,7,9,7,2,1,1,1,1,1,1,1,1,1,piano,21,FEMALE,1,,6,7,7,7,5,7,7,4,5,7,7,6,7,6,7,6,6,7,1,1,1,1,1,1,1,6,7,5,4,6,6,2,7,7,7,7,7,7,10,9,10,7,9,26,15,11,5,2,2,51,67,22,22,23,0,4,5,51,60,21,25,14,1,2,1,7,18,5,7,6,3,,,,,,female,,,,Spring,Sona,No,SINGLER,NO,NO,,21,NO,NO,NO,NONE,NO,0.0509862478954504,0.733333333333333,8.66666666666667,0.764840494175392
1027,27,34,48,28,24,33,71,5,6,2,5,3,6,6,5,5,5,5,5,2,6,3,5,6,1,1,1,1,1,1,1,1,1,Percussion,19,MALE,1,Na,5,2,5,5,2,5,6,2,2,7,6,3,6,5,7,6,3,5,6,2,5,4,4,5,2,6,6,2,2,1,4,3,6,6,6,5,5,5,15,9,9,9,9,27,12,6,5,2,2,17,40,13,13,14,0,0,0,9,32,9,11,12,0,2,1,6,17,3,7,7,3,,,,,,male,,,,Spring,Sona,No,SINGLER,NO,NO,,19,NO,NO,NO,NONE,NO,-1.17446266397543,0.5,9,-0.450932756462951
1028,28,49,55,35,34,38,98,6,5,3,3,4,7,7,5,6,6,6,7,4,7,3,2,2,1,1,1,1,1,1,1,1,1,Flute,19,FEMALE,1,,4,3,6,7,5,7,7,5,5,6,7,6,5,7,7,7,6,4,7,7,6,4,1,6,4,5,7,5,5,3,6,3,6,7,7,7,6,5,9,11,7,9,5,21,14,8,5,4,7,29,47,9,20,18,3,3,6,28,54,17,19,18,3,2,0,12,25,8,6,11,2,67,7,9,5,19,female,right,No,Normal,Spring,Sona,No,SINGLER,NO,NO,19,19,NO,NO,NO,NONE,NO,-0.274939452745922,0.571428571428571,7,-0.683272284012082
1029,29,33,42,10,25,27,57,5,3,7,5,3,6,3,7,6,5,5,5,1,6,6,8,6,1,1,1,1,1,1,1,1,1,piano,20,FEMALE,1,,5,2,4,3,3,4,5,5,2,5,5,5,5,5,5,5,2,5,2,2,1,1,1,1,2,3,5,1,5,3,6,2,2,5,6,5,4,5,10,6,4,7,8,19,15,8,3,2,3,14,46,17,14,15,1,2,6,37,61,21,18,22,4,1,1,7,16,3,5,8,2,68,4,7,8,20,female,right,No,Corrected to Normal,Spring,Sona,No,SINGLER,NO,NO,20,20,NO,NO,NO,NONE,NO,-0.506778477996379,0.533333333333333,6.33333333333333,-1.11143824627014
1030,30,59,62,39,41,42,115,7,5,3,5,5,7,5,1,5,7,3,4,5,5,1,8,4,2,3,2,2,3,2,2,3,2,Pianon,23,MALE,1,,7,6,7,7,7,7,7,7,4,7,7,7,7,7,7,7,7,6,7,7,6,7,3,5,4,6,7,7,7,3,6,5,7,7,7,7,7,7,10,10,9,9,9,27,11,8,5,3,3,23,55,18,17,20,0,5,6,40,63,17,23,23,1,4,0,16,23,6,11,6,4,69,9,9,9,18,female,right,No,Corrected to Normal,Spring,Sona,No,SINGLER,NO,NO,18,23,NO,NO,NO,NONE,NO,0.0140835897463969,0.727272727272727,9,0.836673627204066
1031,31,13,27,7,23,27,34,5,2,3,6,7,5,5,7,7,1,1,7,1,3,9,8,8,1,1,1,1,1,1,1,1,1,na,20,FEMALE,1,,1,1,1,1,1,1,1,1,5,1,5,2,1,5,1,6,1,5,1,1,1,1,1,1,1,3,3,1,6,3,6,1,1,6,6,1,6,7,6,8,8,5,5,18,15,5,2,6,6,0,11,6,5,0,0,3,4,13,23,5,5,13,1,2,0,2,9,4,3,2,2,70,8,5,5,20,female,right,No,Normal,Spring,Sona,No,SINGLER,NO,NO,20,20,NO,NO,NO,NONE,NO,-2.34629776223122,0.333333333333333,6,-2.35070116715691
1032,32,52,50,27,38,39,92,4,4,7,6,1,7,5,1,5,4,4,7,1,6,9,8,6,1,1,1,1,1,1,1,1,1,voicenvoice,18,FEMALE,1,,7,2,6,5,5,7,7,6,7,6,6,5,6,6,5,5,5,6,6,2,4,6,1,5,3,5,7,5,6,3,7,5,5,7,7,6,7,7,13,9,6,5,4,15,15,8,4,7,9,26,45,12,20,13,2,12,21,42,55,25,10,20,9,4,2,7,25,9,8,8,6,71,6,5,4,18,female,right,No,Corrected to Normal,Spring,Sona,No,SINGLER,NO,NO,18,18,NO,NO,NO,NONE,NO,-0.303223695041978,0.533333333333333,5,-1.53611545930932
1033,33,40,48,36,32,35,82,7,4,4,4,4,4,4,4,4,6,5,5,5,4,3,8,8,2,3,3,2,3,3,2,3,3,bassoon,20,MALE,1,,5,2,5,5,5,2,4,7,5,4,6,6,5,5,6,6,5,5,6,7,4,6,5,5,3,2,5,6,6,3,5,5,6,5,6,5,6,7,11,11,6,9,10,25,13,10,5,6,7,44,68,21,24,23,1,2,5,68,72,25,22,25,3,1,0,30,36,14,11,11,1,72,6,9,10,19,male,right,No,Corrected to Normal,Spring,Sona,No,SINGLER,NO,NO,19,20,NO,NO,NO,NONE,NO,0.995410599685172,0.769230769230769,8.33333333333333,0.862046968438389
1034,34,49,61,34,45,40,103,7,7,7,1,7,7,7,7,7,7,7,4,1,7,6,5,8,1,1,1,1,1,1,1,1,1,piano,21,FEMALE,1,,7,2,6,6,6,6,7,4,5,7,7,7,7,6,7,6,7,7,6,6,6,2,6,6,2,6,6,7,7,6,7,6,7,7,7,7,6,6,12,12,8,9,9,26,10,8,5,5,5,37,49,14,12,23,0,2,4,28,55,22,14,19,2,3,0,14,24,9,7,8,3,73,8,9,9,21,female,right,No,Normal,Spring,Sona,No,SINGLER,NO,NO,21,21,NO,NO,NO,NONE,NO,-0.246045424814084,0.8,8.66666666666667,1.14253836671772
1035,35,44,52,40,31,35,93,5,4,7,6,4,7,4,4,5,4,3,7,1,7,3,5,3,1,1,1,1,1,1,1,1,1,Trumpet,18,FEMALE,1,,6,4,5,5,2,6,6,3,7,6,5,6,6,6,7,7,5,4,7,6,7,6,4,7,3,4,6,4,5,3,5,4,5,5,7,5,6,7,11,7,10,9,8,27,12,7,5,2,3,41,58,20,20,18,1,4,5,54,68,25,25,18,1,0,0,28,33,10,13,10,0,74,10,9,8,18,female,right,No,Normal,Spring,Sona,No,SINGLER,NO,NO,18,18,NO,NO,NO,NONE,NO,0.56470790838468,0.583333333333333,9,0.0211895842149553
1036,36,46,49,33,31,36,90,6,6,5,6,6,6,6,4,6,6,6,6,5,6,4,6,6,1,1,1,1,1,1,1,1,1,Euphonium baritone horn,19,MALE,1,,6,2,7,6,5,6,6,3,5,5,6,4,6,6,6,6,4,6,6,6,6,4,1,6,4,5,6,5,5,2,6,2,6,7,6,5,6,6,13,8,11,8,12,31,12,10,5,1,2,55,68,23,24,21,1,2,4,49,65,25,19,21,2,1,0,23,31,10,10,11,1,75,11,8,12,19,male,right,No,Normal,Spring,Sona,No,SINGLER,NO,NO,19,19,NO,NO,NO,NONE,NO,0.668533912906185,0.833333333333333,10.3333333333333,1.86223381928785
1037,37,42,33,7,27,31,50,4,4,1,6,4,7,5,5,6,4,5,7,2,7,8,8,8,1,1,1,1,1,1,1,1,1,none,18,female,1,na,7,2,5,4,1,6,6,5,6,4,5,3,1,6,4,5,1,4,1,1,1,1,1,1,1,5,6,1,2,2,6,5,5,6,7,2,5,6,12,8,8,7,5,20,15,9,5,5,6,24,42,9,17,16,1,2,6,25,46,19,13,14,4,1,0,9,25,9,5,11,1,76,8,7,5,18,female,right,No,Corrected to Normal,Spring,Sona,No,SINGLER,NO,NO,18,18,NO,NO,NO,NONE,NO,-0.549427644195349,0.6,6.66666666666667,-0.627571070468022
1038,38,35,40,16,34,33,69,4,5,7,6,4,6,4,6,5,6,6,6,3,6,8,7,7,1,1,1,1,1,1,1,1,1,piano,19,FEMALE,1,,4,2,5,4,4,6,5,2,3,4,5,5,4,5,4,5,4,4,2,1,3,3,1,4,2,6,6,4,4,3,6,5,4,6,6,5,6,6,10,8,6,9,7,22,13,6,5,4,9,19,50,13,18,19,5,7,7,68,74,25,24,25,0,2,4,12,30,9,10,11,6,77,6,9,7,19,female,right,No,Corrected to Normal,Spring,Sona,No,SINGLER,NO,NO,19,19,NO,NO,NO,NONE,NO,0.375770739647116,0.461538461538462,7.33333333333333,-1.19968189153634
1039,39,35,49,24,23,34,62,5,3,7,5,1,7,3,6,6,3,7,7,1,3,5,6,8,1,1,1,1,1,1,2,3,2,voicenvoice,19,FEMALE,1,,5,2,5,2,2,5,6,4,4,6,6,6,3,5,6,6,5,6,6,2,5,3,1,6,1,2,5,3,5,2,3,3,5,6,7,3,6,7,8,8,10,8,7,25,14,8,5,6,7,37,61,21,21,19,1,3,5,61,68,20,23,25,2,1,0,28,38,13,11,14,1,78,10,8,7,19,female,right,No,Normal,Spring,Sona,No,SINGLER,NO,NO,19,19,NO,NO,NO,NONE,NO,0.827270318474317,0.571428571428571,8.33333333333333,-0.258595070972905
1040,40,28,30,15,13,35,39,2,4,3,6,1,6,5,6,7,4,4,7,2,7,6,8,8,1,1,1,1,1,1,1,1,1,piano,20,female,1,,2,1,3,3,2,5,5,4,3,2,3,3,2,2,5,5,2,6,2,2,1,2,1,5,2,1,2,1,4,2,2,1,6,6,7,3,6,7,13,13,9,8,8,25,11,9,5,2,4,42,56,20,20,16,2,,,,,,,,,1,0,19,31,7,12,12,1,79,9,8,8,20,female,right,No,Corrected to Normal,Spring,Sona,No,SINGLER,NO,NO,20,20,NO,NO,NO,NONE,NO,,0.818181818181818,8.33333333333333,1.13937757415129
1041,41,42,47,19,34,38,85,4,5,1,5,4,7,7,6,6,5,2,7,1,7,1,9,2,1,1,1,1,1,1,1,1,1,guitar,18,MALE,1,,7,4,4,6,1,7,4,2,7,4,7,4,6,7,7,5,4,3,4,1,5,5,1,1,2,4,6,5,4,4,7,4,7,6,7,4,7,7,12,7,9,8,7,24,11,7,5,0,3,38,66,23,20,23,3,,,,,,,,,6,2,11,27,12,5,10,8,80,9,8,7,18,male,right,No,Normal,Spring,Sona,No,SINGLER,NO,NO,18,18,NO,NO,NO,NONE,NO,,0.636363636363636,8,0.0031231639578769
1042,42,47,49,17,30,33,77,4,3,7,5,2,7,2,2,5,2,5,6,2,4,4,2,6,1,1,1,1,1,1,3,3,2,guitarn,19,FEMALE,1,,6,4,6,6,2,6,6,5,6,6,6,4,5,6,6,6,6,4,3,2,4,2,1,4,1,6,7,3,2,4,6,2,4,6,6,4,6,7,10,9,3,6,7,16,15,10,5,5,6,53,65,25,19,21,1,3,3,68,73,25,23,25,0,1,0,29,37,12,13,12,1,81,3,6,7,19,female,right,No,Normal,Spring,Sona,No,SINGLER,NO,NO,19,19,NO,NO,NO,NONE,NO,0.981485534278061,0.666666666666667,5.33333333333333,-0.674550410964874
1043,43,56,61,36,37,41,102,4,4,4,5,5,6,5,3,7,5,7,6,5,5,9,2,2,3,1,4,3,1,4,1,1,1,voice,19,FEMALE,1,,7,3,6,6,7,7,6,7,7,7,7,7,6,7,7,7,7,6,6,6,6,5,6,5,2,5,6,6,7,6,5,2,7,7,7,6,7,7,10,9,9,9,9,27,15,8,5,2,2,8,46,12,18,16,0,0,0,50,64,20,22,22,0,1,1,16,28,9,9,10,2,82,9,9,9,19,female,right,No,Normal,Spring,Sona,No,SINGLER,NO,NO,19,19,NO,NO,NO,NONE,NO,0.00990360048384341,0.533333333333333,9,-0.262083820191789
1044,44,42,43,20,27,21,69,1,1,1,7,1,6,1,1,1,1,4,1,1,2,4,7,2,1,1,1,1,1,1,1,1,1,ClarinetnClarinet,20,Male,1,,3,5,4,7,1,6,6,3,7,4,7,5,5,2,7,5,2,6,2,2,3,3,2,5,3,1,7,5,1,7,5,1,1,3,7,2,1,7,10,9,8,7,6,21,15,13,4,2,4,18,39,14,16,9,2,1,5,57,64,19,23,22,4,1,1,15,22,4,8,10,2,83,8,7,6,20,male,right,No,Corrected to Normal,Spring,Sona,No,SINGLER,NO,NO,20,20,NO,NO,NO,NONE,NO,-0.386247065022806,0.866666666666667,7,0.989389722961073
1045,45,39,48,10,32,34,66,5,5,5,3,4,6,6,6,4,5,3,6,1,6,5,6,2,1,1,1,1,1,1,1,1,1,I dont know,20,Female,1,,5,2,6,5,2,6,7,3,3,6,6,2,5,6,6,6,5,6,2,1,1,1,1,3,1,2,6,5,5,3,6,5,5,6,7,5,5,6,10,6,10,10,8,28,11,5,5,6,6,7,28,8,8,12,0,8,9,0,12,9,1,2,1,3,1,7,16,4,4,8,4,84,10,10,8,20,female,right,No,Corrected to Normal,Spring,Sona,No,SINGLER,NO,NO,20,20,NO,NO,NO,NONE,NO,-1.88696522734075,0.454545454545455,9.33333333333333,-0.602284729936561
1046,46,47,53,29,32,40,93,7,6,5,4,4,7,5,2,5,5,5,5,4,5,1,8,4,1,1,1,1,1,1,2,4,1,piano,18,FEMALE,1,,6,4,7,6,4,7,5,5,3,7,6,5,6,6,6,7,4,6,6,6,6,4,1,4,2,5,7,5,3,5,5,2,7,7,7,6,6,7,11,11,11,10,9,30,11,9,5,8,9,50,61,18,19,24,1,2,3,37,58,20,19,19,1,5,1,16,30,11,8,11,6,85,11,10,9,18,female,left,No,Normal,Spring,Sona,No,SINGLER,NO,NO,18,18,NO,NO,NO,NONE,NO,0.327556486566142,0.818181818181818,10,1.67022409045026
1047,47,46,56,34,35,33,92,5,4,4,7,4,7,6,4,7,4,7,5,2,5,9,8,6,1,1,1,1,1,1,1,1,1,Piano,21,FEMALE,1,,5,4,5,5,3,7,5,5,7,6,7,5,6,6,7,7,6,6,6,4,5,5,6,6,2,4,7,7,6,5,4,2,5,6,6,4,5,7,14,10,9,9,11,29,15,8,5,2,3,50,66,23,20,23,1,3,3,33,59,18,24,17,0,1,0,27,32,10,10,12,1,86,9,9,11,21,female,right,No,Normal,Spring,Sona,No,SINGLER,NO,NO,21,21,NO,NO,NO,NONE,NO,0.542602939398497,0.533333333333333,9.66666666666667,-0.0497452136722009
1048,48,45,60,31,38,39,104,6,5,3,2,4,3,2,2,6,5,7,6,2,7,6,1,7,2,2,1,2,2,1,2,2,1,Fingerstyle Tenor Ukulele,18,FEMALE,0,Vyvanse,7,1,6,7,5,7,6,5,1,7,6,7,7,7,7,7,7,5,7,7,1,4,2,3,7,5,7,7,6,5,6,2,6,7,7,6,7,6,15,10,10,7,7,24,12,7,5,3,4,28,49,16,15,18,1,2,6,61,70,24,21,25,4,1,0,18,29,9,8,12,1,87,10,7,7,18,female,right,No,Corrected to Normal,Spring,Sona,No,SINGLER,NO,NO,18,18,NO,NO,NO,NONE,NO,0.236090374886263,0.583333333333333,8,-0.297318325564427
1049,49,53,55,28,37,40,104,2,5,2,5,2,7,5,4,4,5,4,6,1,3,4,8,8,1,1,1,1,1,1,1,1,1,drums,18,MALE,1,,7,7,7,7,1,7,7,3,7,7,7,2,7,6,7,7,5,7,7,3,4,5,1,5,3,3,7,6,5,7,7,2,5,7,7,7,7,7,14,8,10,7,5,22,10,7,5,3,6,23,58,22,17,19,3,2,6,41,60,16,20,24,4,2,0,13,28,7,11,10,2,88,10,7,5,18,male,left,No,Normal,Spring,Sona,No,SINGLER,NO,NO,18,18,NO,NO,NO,NONE,NO,0.218423832490523,0.7,7.33333333333333,0.151314344865053
1050,50,52,50,19,39,38,99,5,5,6,6,7,6,6,7,6,5,5,7,3,7,5,6,6,1,1,1,1,1,1,1,1,1,voice,20,FEMALE,1,,7,5,6,7,3,7,6,5,6,7,5,4,7,5,6,7,7,2,7,2,4,3,1,1,1,5,6,7,7,6,6,2,5,7,7,5,7,7,9,12,8,6,7,21,15,5,4,4,6,50,62,18,21,23,2,4,4,8,25,14,4,7,0,2,3,8,18,6,9,3,5,89,8,6,7,20,female,right,No,Corrected to Normal,Spring,Sona,No,SINGLER,NO,NO,20,20,NO,NO,NO,NONE,NO,-0.747501449663568,0.333333333333333,7,-2.03219325737753
1051,51,21,47,15,25,34,60,2,4,7,6,1,6,6,5,4,4,5,6,2,6,9,8,6,1,1,1,1,1,1,1,1,1,Clarinet,22,female,1,,2,2,3,2,1,2,6,1,2,5,5,5,5,4,6,6,6,5,2,1,4,5,1,1,1,4,5,2,2,6,4,2,5,6,7,5,4,7,9,6,8,10,8,26,15,8,4,5,5,0,24,5,6,13,0,9,15,0,23,13,7,3,6,5,0,17,33,10,12,11,5,90,8,10,8,22,female,right,No,Corrected to Normal,Spring,Sona,No,SINGLER,NO,NO,22,22,NO,NO,NO,NONE,NO,-1.11938233578883,0.533333333333333,8.66666666666667,-0.368253123451583
1052,52,21,49,20,23,32,59,6,5,1,7,3,4,4,5,5,3,6,5,5,7,5,5,5,1,1,1,1,1,1,1,1,1,saxophone,19,MALE,1,,3,2,3,5,1,1,3,1,2,5,6,5,5,6,6,5,5,6,5,1,1,5,1,5,2,2,3,5,5,3,3,2,5,6,6,3,6,6,15,10,9,10,10,29,15,10,4,3,6,33,58,18,19,21,3,7,13,24,54,22,16,16,6,1,0,35,40,13,13,14,1,91,9,10,10,19,male,right,No,Normal,Spring,Sona,No,SINGLER,NO,NO,19,19,NO,NO,NO,NONE,NO,0.560439408934215,0.666666666666667,9.66666666666667,0.705650531412449
1053,53,30,46,15,19,32,55,5,6,7,4,4,5,5,5,6,4,6,4,4,4,6,8,8,1,1,1,1,1,1,1,1,1,guitar,21,MALE,1,none,2,2,5,4,3,4,5,3,2,6,6,5,5,3,6,7,3,5,5,2,2,2,1,1,2,2,3,3,4,3,3,1,4,7,6,4,6,5,9,8,9,8,8,25,13,7,5,4,7,44,67,19,24,24,3,0,0,61,71,23,25,23,0,1,0,7,20,6,7,7,1,92,9,8,8,21,male,right,No,Normal,Spring,Sona,No,SINGLER,NO,NO,21,21,NO,NO,NO,NONE,NO,0.340877513351439,0.538461538461538,8.33333333333333,-0.445368744208121
1054,54,42,54,17,31,34,78,1,3,3,3,4,7,7,4,6,3,4,7,1,7,4,9,6,1,1,1,1,1,1,1,1,1,voice,18,female,1,na,4,2,6,6,4,5,6,2,7,7,6,4,5,6,7,7,6,6,5,2,5,1,1,1,2,5,6,3,6,6,4,1,6,6,6,5,6,5,12,8,8,8,5,21,14,12,5,2,3,44,63,21,19,23,1,3,4,68,70,25,20,25,1,2,0,25,31,11,10,10,2,93,8,8,5,18,female,right,No,Normal,Spring,Sona,No,SINGLER,NO,NO,18,18,NO,NO,NO,NONE,NO,0.646341779953969,0.857142857142857,7,0.935432884026454
1055,55,49,53,30,41,39,96,5,6,6,7,7,6,7,5,7,5,7,5,6,5,6,6,2,1,1,1,1,1,1,1,1,1,voice,20,FEMALE,1,,7,2,7,6,3,7,7,6,4,6,6,5,6,6,6,6,5,7,6,3,5,5,4,5,2,5,6,6,6,6,7,5,6,7,6,6,7,7,12,11,9,9,6,24,15,7,5,1,2,22,44,11,15,18,1,6,9,34,58,19,20,19,3,1,0,15,25,7,9,9,1,94,9,9,6,20,female,right,No,Normal,Spring,Sona,No,SINGLER,NO,NO,20,20,NO,NO,NO,NONE,NO,-0.268847343402082,0.466666666666667,8,-0.958289602513496
1056,56,43,50,18,18,35,62,4,4,2,6,4,7,5,2,7,3,7,6,2,5,9,8,5,1,1,1,1,1,1,1,1,1,guitar,21,male,1,,4,2,6,6,2,6,6,4,7,2,7,5,7,7,6,7,2,7,1,6,3,2,1,4,1,2,5,2,2,2,3,2,5,7,7,6,6,4,7,8,9,10,9,28,15,14,5,3,5,27,44,12,17,15,2,2,2,50,67,23,21,23,0,0,0,17,30,10,9,11,0,95,9,10,9,21,male,right,No,Normal,Spring,Sona,No,SINGLER,NO,NO,21,21,NO,NO,NO,NONE,NO,0.0968441216072455,0.933333333333333,9.33333333333333,2.11027271832196
1057,57,42,51,33,40,34,95,5,5,4,7,5,5,4,4,7,4,7,6,4,5,5,5,6,1,1,1,1,1,1,1,1,1,voice,19,FEMALE,1,,5,3,6,5,2,6,6,5,4,6,7,6,6,6,6,6,2,6,7,5,6,6,3,4,2,5,7,6,7,5,6,4,6,6,4,6,6,6,13,10,6,7,8,21,15,8,4,1,1,7,33,12,14,7,0,4,5,0,5,3,1,1,1,13,0,4,11,6,3,2,13,96,6,7,8,19,female,right,No,Corrected to Normal,Spring,Sona,No,SINGLER,NO,NO,19,19,NO,NO,NO,NONE,NO,-2.09461283559167,0.533333333333333,7,-0.899099639750553
1058,58,51,48,13,35,33,79,4,6,7,5,4,7,7,5,7,7,7,7,4,4,5,4,2,1,1,1,1,1,1,1,1,1,voice,19,FEMALE,1,,5,4,6,6,5,7,7,5,6,5,6,4,6,6,5,6,3,7,5,1,3,1,1,1,1,5,6,5,6,4,7,2,4,5,7,4,6,7,13,7,8,6,2,16,15,8,3,4,4,10,35,14,9,12,0,5,5,24,49,11,18,20,0,2,0,7,22,7,6,9,2,97,8,6,2,19,female,right,No,Normal,Spring,Sona,No,SINGLER,NO,NO,19,19,NO,NO,NO,NONE,NO,-0.77274116457281,0.533333333333333,5.33333333333333,-1.42994615604952
1300,59,42,43,36,30,33,87,6,4,2,4,5,6,6,3,4,6,5,4,2,5,8,5,5,1,1,1,1,1,1,1,1,1,piano,18,MALE,1,,6,2,6,6,2,5,6,6,3,4,6,2,6,5,6,6,5,3,6,5,7,5,3,7,3,5,6,4,4,3,5,3,6,6,6,4,5,6,12,8,9,10,9,28,15,11,5,4,13,38,63,23,20,20,9,3,3,68,74,25,24,25,0,1,0,35,40,13,14,13,1,98,9,10,9,18,male,right,No,Normal,Spring,Musician,Yes,SINGLER,NO,NO,18,18,NO,NO,NO,NONE,NO,1.06781626976568,0.733333333333333,9.33333333333333,0.97717910069498
1301,60,58,63,47,47,42,123,7,6,5,3,7,5,7,4,6,6,6,6,5,5,1,6,4,2,5,1,2,5,1,2,5,1,piano,33,FEMALE,1,,7,7,7,7,6,7,6,7,4,7,7,7,7,7,7,7,7,7,7,7,7,5,7,7,7,7,7,7,7,7,6,6,7,7,7,7,7,7,16,10,10,9,12,31,11,9,5,2,2,46,65,18,22,25,0,3,4,61,71,22,24,25,1,4,1,32,39,12,13,14,5,99,10,9,12,33,female,right,No,Corrected to Normal,Spring,Musician,Yes,SINGLER,NO,NO,33,33,NO,NO,NO,NONE,NO,1.01908074123684,0.818181818181818,10.3333333333333,1.77639339371005
1303,62,43,40,11,34,33,73,6,3,6,6,2,5,3,4,4,3,3,7,1,6,3,1,1,1,1,1,1,1,1,1,1,1,voice,20,FEMALE,1,,5,4,6,5,3,7,6,2,5,5,6,3,4,3,5,5,5,4,4,2,1,1,1,1,1,4,6,4,4,5,6,5,6,1,7,5,7,7,11,10,9,7,5,21,13,10,5,1,1,63,71,23,23,25,0,4,6,42,54,15,23,16,2,2,0,29,36,12,14,10,2,101,9,7,5,20,female,left,No,Normal,Spring,Sona,No,SINGLER,YES,NO,20,20,NO,NO,NO,NONE,NO,0.717615042728951,0.769230769230769,7,0.437369755399213
1304,63,58,45,40,36,37,99,4,7,6,4,6,5,7,5,6,7,7,5,3,6,7,7,7,2,2,1,2,2,1,2,2,1,Piano,22,MALE,1,,7,5,7,7,5,6,7,7,7,5,5,4,6,6,6,5,3,5,7,1,7,6,5,7,7,7,5,5,3,6,5,5,7,5,6,6,6,7,12,9,9,9,6,24,15,11,5,6,7,44,63,20,23,20,1,8,9,62,69,22,22,25,1,2,0,17,34,11,13,10,2,102,9,9,6,22,male,right,No,Normal,Spring,Musician,Yes,SINGLER,NO,NO,22,22,NO,NO,NO,NONE,NO,0.741549368622477,0.733333333333333,8,0.552501887655804
1306,65,41,63,39,44,35,106,7,5,5,5,4,5,4,4,5,6,4,7,2,7,9,7,8,2,5,1,2,5,1,2,5,1,ViolanViola,22,FEMALE,1,none,4,1,4,5,7,7,4,4,5,7,7,7,7,7,7,7,7,7,4,7,7,6,4,7,4,5,7,7,7,7,7,4,1,6,7,7,7,7,10,8,3,5,5,13,15,6,3,2,2,18,44,11,16,17,0,29,33,16,40,14,18,8,4,8,1,15,26,4,9,13,9,104,3,5,5,22,female,right,No,Corrected to Normal,Spring,Musician,Yes,SINGLER,NO,NO,22,22,NO,NO,NO,NONE,NO,-0.579975354880583,0.4,4.33333333333333,-2.50384981091356
1307,66,29,59,30,42,23,87,7,7,1,5,3,6,6,3,2,7,6,6,1,7,7,6,5,2,5,1,2,5,1,2,5,1,Voice,20,MALE,1,,7,1,4,1,3,5,1,5,2,7,7,6,6,7,7,7,7,5,7,6,4,3,4,5,1,5,7,7,7,6,5,5,5,2,5,2,3,6,12,12,6,7,8,21,15,6,3,1,1,37,55,22,22,11,0,2,4,44,62,23,21,18,2,1,0,20,30,10,9,11,1,105,6,7,8,0,male,right,No,Normal,Spring,Musician,Yes,SINGLER,NO,NO,0,20,NO,NO,NO,NONE,NO,0.262111148793142,0.4,7,-1.6544953848352
1308,67,47,58,38,34,38,97,7,5,4,2,5,4,4,4,6,5,7,5,6,7,1,2,2,2,5,1,2,5,2,2,5,1,Viola,20,FEMALE,1,,7,1,6,6,7,5,5,7,3,6,7,6,7,7,7,6,6,6,6,7,6,6,4,6,3,4,6,5,3,6,6,4,5,6,7,7,6,7,11,11,12,10,12,34,15,11,5,2,4,75,75,25,25,25,2,1,2,75,75,25,25,25,1,2,1,29,39,13,13,13,3,106,12,10,12,20,female,right,No,Normal,Spring,Musician,Yes,SINGLER,NO,NO,20,20,NO,NO,NO,NONE,NO,1.33516845475365,0.733333333333333,11.3333333333333,1.61419492025374
1309,68,53,55,39,37,42,107,7,5,2,3,5,5,5,5,6,4,5,7,2,7,7,7,6,2,5,1,2,5,1,2,5,1,Saxophone,20,MALE,1,,7,6,5,7,7,7,3,7,4,7,7,7,6,3,7,7,5,6,7,7,6,5,4,5,5,5,7,7,3,3,7,5,7,7,7,7,7,7,13,10,12,10,11,33,15,11,4,0,0,70,72,22,25,25,0,4,4,75,75,25,25,25,0,1,0,35,38,13,11,14,1,107,12,10,11,20,male,right,No,Corrected to Normal,Spring,Musician,Yes,SINGLER,NO,NO,20,20,NO,NO,NO,NONE,NO,1.22542601504225,0.733333333333333,11,1.50802561699395
1310,69,52,54,46,44,38,114,5,6,3,5,6,5,7,6,6,6,6,6,3,7,7,8,6,2,5,5,2,5,5,2,5,6,trumpet,19,FEMALE,1,,7,5,6,5,5,6,5,7,6,6,6,6,6,6,6,6,6,6,7,7,7,6,5,7,7,6,7,7,6,7,6,5,6,7,6,6,6,7,14,11,8,9,7,24,12,5,5,6,7,37,53,18,17,18,1,3,4,51,67,25,22,20,1,1,0,24,33,10,14,9,1,108,8,9,7,19,female,right,No,Corrected to Normal,Spring,Musician,Yes,SINGLER,NO,NO,19,19,NO,NO,NO,NONE,NO,0.426071440741444,0.416666666666667,8,-1.24156300692024
1311,70,44,61,36,37,34,96,7,4,5,6,7,4,4,7,7,6,5,6,1,7,3,6,6,2,5,1,2,5,1,2,6,1,voice and piano,22,female,0,adderall lexapro wellbutrin,7,3,6,5,4,7,5,3,4,7,6,7,7,7,7,7,7,6,7,6,5,3,6,7,2,1,7,7,7,7,5,3,5,6,7,3,6,7,10,8,8,8,9,25,13,9,5,3,4,38,49,16,13,20,1,4,4,49,65,22,21,22,0,1,2,23,31,11,11,9,3,109,8,8,9,22,female,right,No,Corrected to Normal,Spring,Musician,Yes,SINGLER,NO,NO,22,22,NO,NO,NO,NONE,NO,0.215463414499531,0.692307692307692,8.33333333333333,0.426241730889552
1312,71,58,59,32,42,42,105,7,6,7,6,6,5,5,4,7,5,6,6,5,3,4,6,6,2,5,4,2,5,4,3,4,5,Voice,19,FEMALE,1,,7,5,7,7,7,7,6,7,5,6,7,6,7,7,7,7,6,6,1,7,6,4,6,6,2,6,7,7,7,7,5,3,7,7,7,7,7,7,11,12,9,7,8,24,10,5,5,5,8,32,53,13,18,22,3,2,3,62,70,20,25,25,1,1,0,37,38,14,10,14,1,110,9,7,8,19,female,right,No,Corrected to Normal,Spring,Musician,Yes,SINGLER,NO,NO,19,19,NO,NO,NO,NONE,NO,0.67531857105975,0.5,8,-0.769440666242334
500,72,48,48,30,42,35,102,5,6,4,4,4,5,7,5,7,7,5,5,3,5,2,2,2,2,2,1,1,1,1,2,2,1,voice,19,FEMALE,1,,7,4,5,7,3,7,6,7,2,5,5,5,6,5,6,6,6,4,7,7,2,2,3,5,4,5,7,7,6,7,5,5,5,5,6,6,6,7,14,8,9,8,7,24,10,7,5,6,7,62,72,24,25,23,1,3,5,63,69,20,25,24,2,3,3,17,25,9,8,8,6,1,9,8,7,19,female,right,No,Corrected to Normal,Fall,Musician,No,SINGLER,NO,NO,19,19,NO,NO,NO,NONE,NO,0.612316776621963,0.7,8,0.363652951384642
501,73,60,53,40,47,37,117,7,5,5,5,6,4,5,6,6,6,5,6,3,6,7,8,8,2,3,1,2,3,1,2,3,7,voice,19,FEMALE,1,,7,7,6,7,6,6,7,7,7,7,5,6,6,5,6,6,7,5,6,7,6,6,4,6,5,7,7,7,7,7,6,6,6,6,7,6,6,6,15,7,11,9,11,31,15,13,5,2,2,41,57,17,19,21,0,1,2,49,64,18,23,23,1,1,0,22,29,10,12,7,1,2,11,9,11,19,female,right,No,Corrected to Normal,Fall,Musician,No,SINGLER,NO,NO,19,19,NO,NO,NO,NONE,NO,0.31041256584015,0.866666666666667,10.3333333333333,2.05108275555901
502,74,46,54,33,37,38,107,7,7,1,1,3,7,7,1,7,7,6,7,4,7,3,4,8,1,1,1,1,1,1,1,1,1,PercussionnPercussion,19,Male,1,,7,4,6,7,2,7,6,5,2,6,6,5,6,6,6,7,6,6,7,7,5,7,1,1,5,6,6,5,6,3,7,4,6,6,7,6,6,7,16,8,11,9,9,29,11,4,5,2,3,48,65,22,19,24,1,3,3,63,68,18,25,25,0,2,0,20,28,10,10,8,2,3,11,9,9,19,male,right,No,Normal,Fall,Musician,No,SINGLER,NO,NO,19,19,NO,NO,NO,NONE,NO,0.540603655351177,0.363636363636364,9.66666666666667,-1.01115798014357
503,75,48,49,34,36,34,94,6,6,2,4,5,4,4,4,5,6,4,4,4,5,2,2,6,2,2,1,2,2,1,2,2,1,French Horn,18,FEMALE,1,,6,5,7,6,4,7,7,3,3,6,6,6,5,6,6,6,3,5,6,7,5,5,3,5,3,6,4,6,6,4,5,5,6,5,5,5,6,7,15,10,10,10,8,28,12,9,5,0,4,46,64,25,18,21,4,1,3,27,50,12,21,17,2,4,1,10,26,11,7,8,5,4,10,10,8,18,female,right,No,Normal,Fall,Musician,No,SINGLER,NO,NO,18,18,NO,NO,NO,NONE,NO,0.0910148503833844,0.75,9.33333333333333,1.07160356883056
504,76,38,50,37,29,38,87,5,5,2,5,6,1,4,4,4,7,6,7,4,7,2,3,2,2,3,1,2,2,1,3,1,5,Voice,19,FEMALE,1,,2,1,5,6,4,6,5,3,6,6,6,5,7,6,6,6,3,5,7,7,6,5,3,6,3,1,7,6,2,5,6,2,3,7,7,7,7,7,12,10,9,9,7,25,7,4,5,9,12,62,73,24,25,24,3,12,12,38,63,22,23,18,0,2,1,11,25,10,7,8,3,5,9,9,7,19,female,right,No,Corrected to Normal,Fall,Musician,No,SINGLER,NO,NO,19,19,NO,NO,NO,NONE,NO,0.519718257636556,0.571428571428571,8.33333333333333,-0.258595070972905
505,77,44,51,35,25,34,89,7,6,1,4,4,7,7,5,6,6,5,4,1,5,3,1,4,2,2,1,2,2,1,2,2,1,violanviola,17,FEMALE,1,,6,4,6,6,4,6,6,3,3,6,6,3,6,6,6,6,6,6,6,6,6,5,3,6,3,3,5,6,2,2,5,2,5,6,6,6,5,6,9,5,8,7,10,25,14,8,5,1,1,3,15,4,9,2,0,4,7,21,26,15,10,1,3,0,0,3,14,3,3,8,0,6,8,7,10,0,female,right,No,Corrected to Normal,Fall,Musician,No,SINGLER,NO,NO,0,17,NO,NO,NO,NONE,NO,-2.00166736909046,0.571428571428571,8.33333333333333,-0.258595070972905
506,78,39,51,33,25,37,79,7,3,3,7,5,5,5,1,3,5,6,5,3,7,8,5,8,2,2,2,2,2,2,2,2,2,Horn,18,MALE,1,,5,2,5,6,3,5,5,5,3,5,7,5,6,5,7,5,5,6,6,7,6,4,3,5,2,1,3,6,3,6,3,3,7,7,7,3,6,7,15,8,9,10,9,28,14,11,5,6,6,51,59,16,25,18,0,6,9,43,64,21,21,22,3,1,0,28,36,14,9,13,1,7,9,10,9,18,male,right,No,Corrected to Normal,Fall,Musician,No,SINGLER,NO,NO,18,18,NO,NO,NO,NONE,NO,0.625539145413292,0.785714285714286,9.33333333333333,1.27394171483538
507,79,59,61,44,43,41,117,6,7,3,3,7,6,7,5,6,7,7,6,4,6,3,6,6,1,1,1,1,1,1,3,1,4,Voice,21,MALE,1,,7,5,7,7,7,7,7,5,7,6,7,7,7,7,7,7,7,6,7,7,7,7,3,6,7,1,7,7,7,7,7,7,7,7,7,6,7,7,7,6,9,9,10,28,15,14,5,2,2,62,71,25,25,21,0,3,8,60,68,25,20,23,5,1,0,23,32,13,10,9,1,,,,,,male,,,,Fall,Musician,No,SINGLER,NO,NO,,21,NO,NO,NO,NONE,NO,0.836498519963095,0.933333333333333,9.33333333333333,2.11027271832196
508,80,48,49,35,34,31,96,5,6,2,2,3,7,4,5,4,6,7,5,4,5,1,9,8,2,2,2,2,2,2,2,2,2,violanviola,18,FEMALE,1,,6,5,6,6,6,6,5,4,4,4,5,6,6,5,6,6,5,6,6,7,6,4,3,4,5,6,6,5,6,1,6,4,6,4,6,4,6,5,14,7,8,8,7,23,12,8,5,4,5,28,56,21,19,16,1,3,7,55,62,17,25,20,4,0,0,29,35,8,13,14,0,8,8,8,7,18,female,left,No,I forgot my glasses.,Fall,Musician,No,SINGLER,NO,NO,18,18,NO,NO,NO,NONE,NO,0.476981927471552,0.666666666666667,7.66666666666667,0.0686347118536851
510,82,50,56,40,39,41,108,6,5,1,5,5,7,6,2,7,7,5,7,4,7,4,8,8,2,4,1,2,4,1,3,1,6,Bb Clarinet,19,FEMALE,1,,7,3,6,6,5,6,7,5,5,6,6,5,7,6,7,7,6,6,7,7,6,6,3,6,5,5,7,7,6,5,6,3,7,7,7,6,7,7,15,10,10,9,10,29,11,7,5,2,2,23,48,15,18,15,0,0,0,28,50,15,17,18,0,2,0,17,26,11,6,9,2,10,10,9,10,19,female,right,No,Normal,Fall,Musician,No,SINGLER,NO,NO,19,19,NO,NO,NO,NONE,NO,-0.290518200906429,0.636363636363636,9.66666666666667,0.533969680256847
511,83,49,54,35,45,37,107,6,5,2,5,4,5,5,1,7,5,7,7,1,6,5,4,8,2,1,1,2,1,1,2,1,1,flute,18,FEMALE,1,,7,2,6,5,7,7,6,6,3,6,7,5,6,6,7,6,5,6,7,7,6,5,1,5,4,6,6,7,7,7,7,5,6,6,6,6,6,7,16,9,5,6,5,16,15,7,4,2,4,61,68,20,25,23,2,4,5,68,74,25,24,25,1,2,1,10,21,6,8,7,3,11,5,6,5,18,female,left,No,Corrected to Normal,Fall,Musician,No,SINGLER,NO,NO,18,18,NO,NO,NO,NONE,NO,0.461150488997122,0.466666666666667,5.33333333333333,-1.80764402859185
512,84,36,54,34,31,32,97,6,6,3,3,3,3,4,2,6,5,6,5,3,7,6,1,5,2,2,2,1,1,1,2,2,2,Guitar,18,FEMALE,1,,7,1,5,6,5,6,3,2,1,7,6,6,6,6,7,6,7,3,7,7,5,5,1,2,7,3,7,7,6,4,3,1,2,7,7,3,7,6,13,4,9,9,9,27,14,9,5,5,8,43,58,18,18,22,3,3,4,57,67,24,18,25,1,3,2,20,28,12,10,6,5,12,9,9,9,18,female,right,No,Normal,Fall,Musician,No,SINGLER,NO,NO,18,18,NO,NO,NO,NONE,NO,0.354275556296714,0.642857142857143,9,0.358419827556317
513,85,45,60,43,46,38,115,7,7,4,1,4,7,7,4,4,7,7,7,1,7,5,6,6,2,2,1,1,1,1,2,2,1,Flute,18,FEMALE,1,,7,4,5,5,1,7,4,6,6,7,7,7,7,6,7,7,7,5,7,7,7,7,3,7,5,7,7,7,7,7,4,7,6,5,7,6,7,7,16,10,8,5,6,19,15,6,2,4,4,69,73,23,25,25,0,5,5,52,66,25,18,23,0,0,1,30,39,12,13,14,1,13,8,5,6,18,female,right,No,Normal,Fall,Musician,No,SINGLER,NO,NO,18,18,NO,NO,NO,NONE,NO,1.1128103213059,0.4,6.33333333333333,-1.86683399135479
514,86,46,48,34,31,34,88,5,5,1,4,5,6,6,2,6,6,5,2,4,6,2,9,7,2,2,1,1,1,1,2,2,1,Tuba,18,MALE,1,,6,4,6,5,5,5,6,6,3,5,7,4,5,4,7,6,5,5,2,6,6,6,2,6,6,4,7,6,3,1,6,4,6,4,6,5,6,7,14,9,7,8,7,22,15,9,3,5,6,56,63,16,22,25,1,8,10,38,58,14,20,24,2,0,0,33,38,12,12,14,0,14,7,8,7,18,male,right,No,Corrected to Normal,Fall,Musician,No,SINGLER,NO,NO,18,18,NO,NO,NO,NONE,NO,0.680888058733843,0.6,7.33333333333333,-0.415232463948434
515,87,55,62,40,45,42,114,7,7,4,2,7,5,7,4,7,7,7,6,7,7,5,8,8,2,4,5,2,4,5,2,4,5,Saxophone,18,MALE,1,,7,4,7,7,5,7,6,7,5,7,7,7,7,7,7,7,6,7,7,7,7,4,5,7,3,7,7,7,7,6,7,4,7,7,7,7,7,7,16,9,9,9,12,30,12,9,5,3,5,43,62,20,23,19,2,2,2,75,75,25,25,25,0,0,1,32,35,10,14,11,1,15,9,9,12,18,male,right,No,Normal,Fall,Musician,No,SINGLER,NO,NO,18,18,NO,NO,NO,NONE,NO,0.872352880202443,0.75,10,1.28394217535015
516,88,49,59,34,37,37,104,7,6,6,6,6,3,5,5,7,5,7,7,2,7,5,7,7,2,2,1,1,1,1,2,2,1,Trumpet,18,FEMALE,1,,7,3,6,6,6,7,7,5,2,7,6,7,7,6,7,7,6,6,7,7,6,6,2,5,1,6,6,7,3,7,6,2,5,7,6,6,6,7,13,9,9,8,7,24,15,10,5,4,5,47,64,20,20,24,1,3,4,37,59,22,15,22,1,2,4,9,12,5,3,4,6,16,9,8,7,18,female,right,No,Normal,Fall,Musician,No,SINGLER,NO,NO,18,18,NO,NO,NO,NONE,NO,-0.269188543903916,0.666666666666667,8,0.174804015113479
517,89,39,48,27,30,36,84,6,4,1,7,4,2,3,2,2,4,4,7,3,6,5,7,5,2,2,1,1,1,1,3,1,5,voicenvoice,18,MAN,1,na,5,2,5,6,3,7,1,7,3,7,5,6,5,3,7,7,3,5,6,6,3,4,2,4,2,3,6,7,2,6,5,1,7,6,6,6,5,6,12,10,10,8,9,27,15,13,4,1,1,55,68,23,20,25,0,2,2,75,75,25,25,25,0,1,0,28,36,11,13,12,1,17,10,8,9,18,male,right,No,Normal,Fall,Musician,No,SINGLER,NO,NO,18,18,NO,NO,NO,NONE,NO,1.05363276703068,0.866666666666667,9,1.62640554251984
518,90,54,46,38,40,38,104,7,6,4,7,6,6,6,4,7,6,7,7,7,7,1,6,2,2,5,1,2,5,1,2,5,1,Voice,21,FEMALE,0,BupropiumXanax,7,4,7,6,5,7,6,5,7,4,6,3,6,4,6,6,5,6,6,6,7,5,5,7,2,6,7,6,6,6,7,2,7,7,6,5,6,7,10,8,8,7,7,22,15,5,4,2,2,39,65,18,23,24,0,2,2,42,59,19,23,17,0,1,1,28,34,12,14,8,2,18,8,7,7,21,female,right,No,Corrected to Normal,Fall,Musician,No,SINGLER,NO,NO,21,21,NO,NO,NO,NONE,NO,0.595167108882003,0.333333333333333,7.33333333333333,-1.92602395411773
520,92,55,55,32,38,39,106,5,6,5,4,4,7,7,6,7,7,6,5,5,7,6,8,6,1,1,1,1,1,1,3,1,2,Guitar,18,MALE,1,,7,5,5,7,6,7,7,7,4,5,6,5,7,6,6,7,6,7,6,7,3,5,1,3,7,4,7,7,4,5,6,5,7,6,6,6,7,7,12,6,9,9,6,24,15,8,3,5,7,48,67,21,22,24,2,2,3,55,68,22,25,21,1,2,0,19,30,13,11,6,2,20,9,9,6,18,male,,No,Normal,Fall,Musician,No,SINGLER,NO,NO,18,18,NO,NO,NO,NONE,NO,0.664705271951522,0.533333333333333,8,-0.580591729971171
521,93,44,58,32,28,38,92,7,5,1,5,1,6,6,6,5,6,5,6,1,7,4,4,4,1,1,1,1,1,1,2,2,2,Alto Saxophone,18,MALE,1,nna,7,4,3,6,4,6,6,2,6,6,7,7,6,6,7,7,7,5,7,6,2,5,1,6,5,2,7,5,6,1,5,2,7,7,6,5,6,7,16,10,9,8,10,27,13,8,5,5,6,22,60,20,19,21,1,7,8,40,62,22,23,17,1,0,0,25,33,12,12,9,0,21,9,8,10,18,male,left,No,Corrected to Normal,Fall,Musician,No,SINGLER,NO,NO,18,18,NO,NO,NO,NONE,NO,0.495955205104887,0.615384615384615,9,0.202775099860304
522,94,45,42,30,20,39,74,7,5,2,2,3,1,5,6,7,6,6,7,1,7,4,8,6,2,3,1,2,3,1,2,3,1,Flute,19,MALE,1,,6,3,5,4,5,7,5,7,3,6,5,6,6,5,7,3,1,3,7,6,3,5,2,4,3,2,5,3,1,1,6,2,7,7,6,5,7,7,14,8,11,11,11,33,15,13,5,2,3,63,69,25,19,25,1,2,3,51,68,22,22,24,1,0,0,38,41,13,14,14,0,22,11,11,11,19,male,right,No,Corrected to Normal,Fall,Musician,No,SINGLER,NO,NO,19,19,NO,NO,NO,NONE,NO,1.1326518219029,0.866666666666667,11,2.2634213620786
523,95,44,56,40,43,34,107,7,7,1,2,5,3,7,7,4,6,1,1,1,1,5,6,8,2,2,3,2,2,1,2,2,7,Voice,18,MALE,1,,7,2,6,6,3,7,4,6,3,6,7,6,6,6,6,6,7,6,7,7,7,6,6,5,2,5,7,7,6,7,5,6,6,5,6,6,6,5,13,9,8,9,6,23,15,12,5,5,5,43,61,18,20,23,0,5,8,49,64,20,22,22,3,4,0,20,31,7,12,12,4,23,8,9,6,18,male,right,No,Corrected to Normal,Fall,Musician,No,SINGLER,NO,NO,18,18,NO,NO,NO,NONE,NO,0.482205813851722,0.8,7.66666666666667,0.824030456938336
524,96,37,49,35,39,30,94,6,4,4,4,5,5,4,4,3,5,6,6,2,5,7,8,6,2,2,1,1,1,1,3,1,5,Voice,19,Male,1,,5,2,6,3,2,6,5,6,2,6,6,5,6,5,6,6,6,3,6,7,6,4,3,6,3,5,7,6,7,6,6,2,5,6,4,3,6,6,10,10,4,1,5,10,14,8,5,2,2,26,50,10,19,21,0,4,5,43,59,23,18,18,1,3,4,11,17,4,6,7,7,24,4,1,5,19,male,right,No,Corrected to Normal,Fall,Musician,No,SINGLER,NO,NO,19,19,NO,NO,NO,NONE,NO,-0.412005000809706,0.571428571428571,3.33333333333333,-1.85113461986982
525,97,57,62,41,45,40,112,7,5,5,6,4,5,5,5,4,6,4,7,3,7,1,7,6,2,5,1,2,3,1,2,3,1,Cello,17,FEMENINE,1,,7,5,7,7,6,6,6,7,6,7,7,7,7,7,7,7,7,6,7,7,6,6,7,6,2,6,7,7,5,7,7,6,6,7,7,6,7,7,13,4,10,9,9,28,12,7,5,2,3,49,68,20,24,24,1,3,7,38,51,19,14,18,4,3,0,32,39,13,12,14,3,25,10,9,9,17,female,right,No,Corrected to Normal,Fall,Musician,No,SINGLER,NO,NO,17,17,NO,NO,NO,NONE,NO,0.702470406050279,0.583333333333333,9.33333333333333,0.12735888747475
526,98,51,49,34,36,37,99,6,6,1,4,4,5,6,5,6,6,6,6,3,4,6,8,6,2,2,1,2,2,1,2,2,1,clarinet,18,FEMALE,1,,7,5,6,6,4,6,6,7,4,5,7,6,6,5,7,6,5,2,6,7,6,6,1,6,2,5,7,5,6,3,6,4,6,7,6,5,6,7,12,8,8,8,9,25,15,10,4,11,11,19,57,17,18,22,0,7,7,42,60,20,20,20,0,2,0,22,35,12,11,12,2,26,8,8,9,18,female,right,No,Normal,Fall,Musician,No,SINGLER,NO,NO,18,18,NO,NO,NO,NONE,NO,0.462012964946825,0.666666666666667,8.33333333333333,0.280973318373273
527,99,50,53,35,31,37,95,7,4,7,3,5,2,4,7,5,5,2,6,1,7,3,5,5,1,1,1,1,1,1,2,2,1,Clarinet,19,FEMALE,1,,7,4,5,7,6,5,3,7,6,7,7,5,6,5,5,6,6,6,7,7,5,6,2,5,3,5,6,4,4,1,6,5,5,6,7,6,6,7,13,8,10,8,6,24,15,5,4,8,9,29,49,17,10,22,1,3,3,43,59,18,17,24,0,0,1,19,28,8,12,8,1,27,10,8,6,19,female,right,No,Corrected to Normal,Fall,Musician,No,SINGLER,NO,NO,19,19,NO,NO,NO,NONE,NO,-0.0155958979751668,0.333333333333333,8,-1.71368534759815
528,100,46,53,35,33,35,97,7,6,3,7,5,7,5,5,6,5,5,5,5,4,5,5,2,2,2,1,1,1,1,3,1,2,Voice,20,MALE,1,,7,4,6,6,3,7,6,4,3,6,7,5,5,5,6,6,7,6,7,6,4,6,2,7,3,6,7,6,3,5,3,3,6,6,6,5,6,6,8,9,6,9,7,22,15,13,5,2,3,44,64,23,18,23,1,3,6,45,59,17,20,22,3,0,4,33,40,14,12,14,4,28,6,9,7,20,male,left,No,Normal,Fall,Musician,No,SINGLER,NO,NO,20,20,NO,NO,NO,NONE,NO,0.800551248743745,0.866666666666667,7.33333333333333,1.09555902622087
529,101,52,55,30,32,36,97,6,6,2,1,4,5,7,4,4,6,7,5,7,6,9,7,2,1,1,1,1,1,1,1,1,1,drums,21,MALE,1,,7,4,7,6,6,7,5,6,4,6,7,5,6,6,7,6,6,6,6,6,6,5,1,2,4,5,6,6,5,3,5,2,6,6,7,4,6,7,14,10,8,10,10,28,12,10,5,6,8,28,57,18,17,22,2,1,1,61,70,22,23,25,0,0,0,24,31,13,12,6,0,29,8,10,10,21,male,right,No,Normal,Fall,Musician,No,SINGLER,NO,NO,21,21,NO,NO,NO,NONE,NO,0.503266885720289,0.833333333333333,9.33333333333333,1.54372590950847
530,102,36,56,38,29,34,95,7,4,4,4,4,4,5,4,5,3,6,6,3,5,3,2,6,2,2,1,1,1,1,2,2,1,PERCUSSION,18,MALE,1,,6,2,4,6,5,5,3,3,2,5,7,6,6,6,7,6,7,6,7,6,6,5,1,6,7,5,7,6,2,2,5,2,7,6,6,5,5,5,16,9,10,10,12,32,15,12,5,2,2,56,69,21,23,25,0,4,5,34,51,17,20,14,1,3,1,21,32,11,9,12,4,30,10,10,12,18,male,right,No,Normal,Fall,Musician,No,SINGLER,NO,NO,18,18,NO,NO,NO,NONE,NO,0.458881273593977,0.8,10.6666666666667,1.77955418627648
531,103,36,49,36,23,24,79,6,5,1,4,3,5,6,1,6,7,7,6,6,6,4,4,5,2,2,1,1,1,1,2,2,1,Percussion,19,MALE,1,,6,5,6,2,1,2,5,7,2,7,7,5,6,3,7,5,3,6,6,7,6,6,1,6,4,3,5,5,5,2,2,1,4,2,2,4,5,7,16,6,6,8,7,21,15,6,1,5,7,66,70,23,22,25,2,5,7,54,65,20,22,23,2,1,2,28,37,11,13,13,3,111,6,8,7,19,male,right,No,Normal,Fall,Musician,No,SINGLER,NO,NO,19,19,NO,NO,NO,NONE,NO,0.945455499884768,0.4,7,-1.6544953848352
533,105,48,49,32,29,36,86,6,5,2,2,7,2,5,5,6,4,7,5,5,7,6,6,6,2,2,1,2,2,1,2,2,1,piano,19,male,1,na,6,1,5,7,7,6,7,7,2,6,6,6,4,6,6,5,5,5,6,7,6,6,3,1,3,2,5,5,5,2,5,5,6,7,6,5,5,7,13,10,11,12,11,34,15,12,5,5,9,51,64,20,20,24,4,3,8,54,70,24,23,23,5,1,0,36,38,14,12,12,1,113,11,12,11,19,male,right,No,Corrected to Normal,Fall,Musician,No,SINGLER,NO,NO,19,19,NO,NO,NO,NONE,NO,0.937622543821497,0.8,11.3333333333333,1.99189279279607
534,106,37,46,25,30,30,81,6,4,3,4,4,2,4,6,6,5,6,6,2,6,6,6,6,2,1,1,2,1,1,2,1,1,voice,18,FEMALE,1,,6,2,6,5,2,6,3,5,2,5,5,5,5,6,6,5,6,3,5,6,3,2,2,4,3,4,6,7,3,3,5,2,2,6,6,4,6,6,12,8,12,11,10,33,10,8,5,2,7,42,63,19,22,22,5,1,1,62,72,23,25,24,0,0,0,33,39,11,14,14,0,114,12,11,10,18,female,right,No,Normal,Fall,Musician,No,SINGLER,NO,NO,18,18,NO,NO,NO,NONE,NO,0.990796498940783,0.8,11,1.88572348953628
535,107,55,56,29,38,39,98,6,5,3,5,7,6,7,6,7,6,7,6,2,7,1,3,6,2,2,1,2,2,1,3,1,5,Voice,18,FEMALE,1,,6,5,7,7,5,7,7,5,6,6,6,6,6,6,7,7,6,6,6,7,6,2,2,4,2,2,6,6,7,5,7,5,6,7,7,5,7,7,14,11,7,8,6,21,15,9,5,3,3,18,44,17,12,15,0,0,0,35,52,15,14,23,0,1,0,13,21,8,5,8,1,115,7,8,6,18,female,right,No,Corrected to Normal,Fall,Musician,No,SINGLER,NO,NO,18,18,NO,NO,NO,NONE,NO,-0.538111648471339,0.6,7,-0.521401767208228
536,108,46,59,39,36,39,99,4,5,5,3,3,5,5,2,6,6,6,5,5,5,1,2,3,2,4,1,2,4,1,3,1,3,voice,20,FEMALE,1,na,6,3,6,6,2,6,6,5,6,7,7,6,6,6,7,7,7,6,6,6,7,4,3,7,6,6,7,6,2,3,6,6,7,7,6,6,6,7,15,10,10,10,7,27,13,9,5,4,5,49,69,22,22,25,1,3,5,55,63,25,20,18,2,2,1,28,35,12,13,10,3,116,10,10,7,20,female,right,No,Normal,Fall,Musician,No,SINGLER,NO,NO,20,20,NO,NO,NO,NONE,NO,0.806384920759696,0.692307692307692,9,0.63858033740914
538,110,60,52,29,25,42,89,6,5,1,7,4,7,5,4,6,6,6,5,5,6,8,7,5,1,1,1,1,1,1,1,1,1,pianonpianonpiano,22,male,1,,7,6,7,7,7,7,7,7,5,6,7,3,5,6,7,6,6,6,6,6,1,7,1,6,2,2,2,7,2,4,5,3,7,7,7,7,7,7,15,7,7,6,7,20,15,4,3,4,5,17,52,14,19,19,1,8,22,21,45,18,16,11,14,1,1,22,28,11,10,7,2,118,7,6,7,22,male,right,No,Normal,Fall,Musician,No,SINGLER,NO,NO,22,22,NO,NO,NO,NONE,NO,-0.215761898470707,0.266666666666667,6.66666666666667,-2.51606043317965
539,111,46,45,34,36,31,95,4,6,1,4,4,7,7,6,4,7,5,5,2,6,4,6,8,2,4,2,2,4,2,2,4,2,voicen,19,FEMALE,1,,7,5,5,5,4,5,4,5,6,5,5,3,4,3,7,7,6,5,4,7,7,5,3,6,2,5,5,7,3,6,6,4,5,4,4,6,5,7,10,9,7,6,5,18,15,6,1,7,10,57,66,17,24,25,3,4,4,64,72,25,24,23,0,2,1,24,37,13,13,11,3,119,7,6,5,19,female,right,No,Corrected to Normal,Fall,Musician,No,SINGLER,NO,NO,19,19,NO,NO,NO,NONE,NO,0.985923960868505,0.4,6,-1.97300329461459
540,112,55,53,34,36,32,100,5,6,1,6,5,6,7,2,6,7,7,3,7,6,4,8,8,1,1,1,1,1,1,3,1,3,Bass Guitar,18,MALE,1,,6,7,4,6,7,7,6,5,7,6,6,6,6,4,7,6,6,6,6,2,6,6,2,6,6,6,6,5,5,6,6,2,6,6,6,2,6,6,15,6,8,7,5,20,15,10,3,2,3,48,67,21,23,23,1,5,6,33,49,21,16,12,1,2,0,37,40,12,14,14,2,120,8,7,5,18,male,right,No,Normal,Fall,Musician,No,SINGLER,NO,NO,18,18,NO,NO,NO,NONE,NO,0.678014804708885,0.666666666666667,6.66666666666667,-0.249873197925697
541,113,54,55,33,13,40,79,5,5,2,5,5,7,6,1,5,7,6,2,2,4,9,5,2,2,2,1,1,1,1,2,2,1,Saxophone,5,MALE,1,,7,4,7,7,7,7,7,5,3,6,6,6,6,6,7,6,6,6,6,6,6,5,2,6,2,1,5,1,2,1,2,1,7,7,7,5,7,7,12,7,7,9,7,23,15,8,3,0,1,31,57,19,19,19,1,1,1,69,73,25,23,25,0,3,3,30,37,14,11,12,6,121,7,9,7,18,male,right,No,Normal,Fall,Musician,No,SINGLER,NO,NO,18,18,NO,NO,NO,NONE,NO,0.790719008633155,0.533333333333333,7.66666666666667,-0.686761033230965
542,114,53,51,41,34,37,98,5,6,3,5,3,2,6,3,5,7,7,6,7,7,4,5,3,2,2,1,2,2,1,2,2,1,guitar,19,MALE,1,,6,5,6,6,7,6,6,7,4,6,5,5,6,5,7,7,4,6,7,7,7,6,5,5,4,4,7,2,6,6,5,4,7,6,6,4,7,7,16,11,9,6,8,23,15,11,5,3,4,68,74,24,25,25,1,1,1,63,71,21,25,25,0,1,2,28,39,14,13,12,3,122,9,6,8,19,male,right,No,Normal,Fall,Musician,No,SINGLER,NO,NO,19,19,NO,NO,NO,NONE,NO,1.23369308258736,0.733333333333333,7.66666666666667,0.44633258439601
543,115,54,61,34,41,41,111,7,6,7,7,7,6,6,2,2,7,7,7,1,7,3,8,2,1,1,1,1,1,1,2,2,2,Violinn,18,FEMALE,1,,7,7,7,5,6,7,6,3,6,6,7,7,6,7,7,7,7,7,7,6,5,4,1,7,4,7,7,6,6,7,6,2,7,7,7,7,6,7,10,10,9,8,7,24,15,11,5,3,6,7,30,10,11,9,3,5,5,42,67,21,22,24,0,0,0,13,26,8,12,6,0,123,9,8,7,18,female,right,No,Corrected to Normal,Fall,Musician,No,SINGLER,NO,NO,18,18,NO,NO,NO,NONE,NO,-0.389817268649579,0.733333333333333,8,0.552501887655804
546,117,44,53,30,26,41,89,6,5,6,4,3,4,4,1,7,7,3,4,2,7,3,8,3,1,1,1,1,1,1,1,1,1,Bassoon,18,FEMALE,1,,5,4,6,6,2,7,6,6,2,5,7,5,6,6,6,5,7,6,5,7,4,5,2,4,3,3,7,2,5,4,3,2,7,7,7,6,7,7,8,9,9,8,4,21,15,9,4,4,6,4,24,10,7,7,2,5,6,22,37,15,18,4,1,17,0,0,7,3,3,1,17,126,9,8,4,18,female,right,No,Corrected to Normal,Fall,Musician,No,SINGLER,NO,NO,18,18,NO,NO,NO,NONE,NO,-1.84100869563499,0.6,7,-0.521401767208228
547,118,50,53,44,41,35,108,6,7,3,3,5,5,7,4,4,7,5,4,3,7,3,2,5,2,3,1,2,3,1,2,3,1,Euphoniumn,18,MALE,1,,5,6,5,5,5,6,6,6,6,6,5,5,6,6,6,7,7,5,6,6,6,6,7,6,7,5,7,7,6,6,6,4,7,4,6,5,6,7,14,7,9,8,6,23,15,11,4,11,13,21,43,16,8,19,2,6,10,8,16,5,10,1,4,1,0,24,32,13,10,9,1,127,9,8,6,18,male,right,No,Corrected to Normal,Fall,Musician,No,SINGLER,NO,NO,18,18,NO,NO,NO,NONE,NO,-0.840368553782922,0.733333333333333,7.66666666666667,0.44633258439601
548,119,46,44,34,29,31,85,6,4,6,6,5,5,4,6,6,5,6,7,5,7,4,6,8,2,3,1,2,3,1,2,3,1,Voice,24,FEMALE,1,,5,2,5,7,4,7,6,4,6,6,5,5,4,5,6,5,4,4,7,7,7,2,3,5,3,4,4,5,5,4,4,3,5,6,7,4,5,4,15,10,10,8,5,23,15,6,5,8,9,51,61,19,17,25,1,6,8,31,53,19,14,20,2,1,1,16,26,8,13,5,2,128,10,8,5,24,female,right,No,Normal,Fall,Musician,No,SINGLER,NO,NO,24,24,NO,NO,NO,NONE,NO,0.0776995706120545,0.4,7.66666666666667,-1.44215677831562
549,120,39,52,30,35,32,92,4,6,2,4,3,5,7,7,5,7,5,6,4,6,5,8,6,1,1,1,1,1,1,2,2,1,Voice,20,MALE,1,,5,4,5,6,3,5,5,3,3,5,6,5,5,6,7,7,6,5,6,6,3,3,2,4,6,5,6,6,6,5,4,3,5,5,6,5,6,5,14,11,11,9,9,29,15,13,4,7,8,61,72,24,25,23,1,1,2,75,75,25,25,25,1,0,2,27,33,11,12,10,2,129,11,9,9,20,male,right,No,Normal,Fall,Musician,No,SINGLER,NO,NO,20,20,NO,NO,NO,NONE,NO,1.03440105206946,0.866666666666667,9.66666666666667,1.83874414903943
550,121,46,59,46,35,32,102,6,7,4,5,6,1,7,4,7,7,7,5,4,7,9,8,6,2,2,4,2,2,4,3,1,3,Tenor Trombone,22,MALE,1,,5,3,6,5,6,5,6,7,3,7,7,6,6,6,7,7,6,7,7,7,7,6,5,7,7,6,3,6,6,6,6,2,5,1,7,5,7,7,16,7,10,10,10,30,15,9,5,3,4,64,70,20,25,25,1,3,5,47,68,23,22,23,2,1,0,25,31,6,14,11,1,130,10,10,10,22,male,right,No,Normal,Fall,Musician,No,SINGLER,NO,NO,22,22,NO,NO,NO,NONE,NO,0.774447711662922,0.6,10,0.434121962129918
551,122,54,57,34,44,38,103,6,7,5,6,6,7,7,5,6,6,7,6,6,6,9,6,8,1,1,1,1,1,1,3,1,3,Voice,20,MALE,1,,6,4,7,6,6,5,6,7,7,7,7,6,6,6,6,7,6,6,7,6,6,4,2,6,3,6,7,7,7,6,6,5,7,7,6,5,6,7,13,6,12,10,12,34,14,11,5,1,1,68,74,25,24,25,0,3,3,68,74,24,25,25,0,1,3,23,34,12,11,11,4,131,12,10,12,20,male,right,No,Corrected to Normal,Fall,Musician,No,SINGLER,NO,NO,20,20,NO,NO,NO,NONE,NO,1.10089028696007,0.785714285714286,11.3333333333333,1.91095753439414
552,123,47,52,35,31,34,90,4,7,3,3,4,7,7,4,4,7,6,5,1,5,7,8,6,2,2,1,2,2,1,2,2,1,Trombone,18,MALE,1,,6,3,5,6,6,6,6,6,3,6,6,6,6,6,6,6,5,5,6,7,5,3,5,6,3,5,6,6,5,2,5,2,6,6,6,5,5,6,16,13,9,9,9,27,13,11,5,1,2,61,71,25,24,22,1,3,5,68,73,25,25,23,2,1,2,27,34,13,9,12,3,132,9,9,9,18,male,right,No,Normal,Fall,Musician,No,SINGLER,NO,NO,18,18,NO,NO,NO,NONE,NO,1.00994545072806,0.846153846153846,9,1.51019081250681
553,124,45,50,40,25,32,92,5,5,1,5,5,6,6,2,5,7,7,5,7,7,3,2,6,2,2,1,1,1,1,2,2,2,French Horn,18,Male,1,,7,2,6,7,4,6,4,5,4,6,7,6,5,4,7,7,4,4,7,7,6,7,2,6,5,5,6,5,3,1,4,1,5,7,6,5,4,5,13,8,8,7,8,23,13,8,5,1,3,34,55,17,18,20,2,1,6,68,74,25,25,24,5,0,0,25,33,7,12,14,0,133,8,7,8,18,male,right,No,Normal,Fall,Musician,No,SINGLER,NO,NO,18,18,NO,NO,NO,NONE,NO,0.609614795958861,0.615384615384615,7.66666666666667,-0.221902113178872
554,125,39,55,33,33,24,87,6,5,2,5,3,7,6,4,5,6,6,6,5,6,4,8,5,2,2,1,1,1,1,2,2,1,French Horn,18,MALE,1,,6,2,5,5,5,4,5,5,2,6,7,6,6,5,7,6,6,6,6,7,3,4,5,5,3,5,5,6,3,5,6,3,3,3,5,5,3,5,15,9,10,8,10,28,15,13,5,0,0,56,64,19,20,25,0,1,1,39,61,21,21,19,0,0,1,28,36,13,13,10,1,134,10,8,10,18,male,right,No,Corrected to Normal,Fall,Musician,No,SINGLER,NO,NO,18,18,NO,NO,NO,NONE,NO,0.686546056595848,0.866666666666667,9.33333333333333,1.73257484577963
555,126,47,56,41,40,36,111,5,6,2,5,6,5,4,6,6,6,5,5,6,6,7,6,6,3,1,5,3,1,5,3,1,5,flute and voice,18,FEMALE,1,,7,6,6,6,3,6,6,4,3,7,6,6,6,5,6,7,7,6,7,7,7,6,5,6,3,6,7,6,7,6,5,3,5,6,6,6,7,6,10,8,8,9,10,27,13,9,5,4,4,33,59,19,21,19,0,6,9,34,51,23,14,14,3,0,0,24,28,11,7,10,0,135,8,9,10,18,female,right,No,Corrected to Normal,Fall,Musician,No,SINGLER,NO,NO,18,18,NO,NO,NO,NONE,NO,0.0676031461596063,0.692307692307692,9,0.63858033740914
556,127,48,61,32,44,42,105,7,5,2,6,2,1,7,1,7,6,7,2,6,6,5,5,5,1,1,1,1,1,1,1,1,1,Bass Clarinet,22,Male,1,,5,4,7,7,3,7,7,5,3,7,7,7,7,6,7,7,6,7,7,6,4,5,1,6,3,6,7,7,7,3,7,7,7,7,7,7,7,7,,,,,,,,,,7,10,15,43,11,13,19,3,,,,,,,,,4,1,9,25,9,6,10,5,,,,,,male,,,,Fall,Musician,No,SINGLER,NO,NO,,22,NO,NO,NO,NONE,NO,,,,
700,128,51,54,35,34,33,97,7,7,1,4,4,5,5,1,3,7,4,5,4,5,4,8,8,2,2,1,2,2,1,2,2,1,bassoon,20,MALE,1,,7,5,5,6,5,6,5,7,5,5,7,7,6,5,7,6,6,5,6,7,4,6,4,4,4,2,6,6,5,6,5,4,7,6,4,4,5,7,16,9,11,10,11,32,15,14,5,3,4,50,65,20,25,20,1,1,2,46,64,23,19,22,1,0,0,34,39,12,13,14,0,31,11,10,11,20,male,right,No,Normal,Fall,Musician,No,SINGLER,NO,NO,20,20,NO,NO,NO,NONE,NO,0.88322901743065,0.933333333333333,10.6666666666667,2.53494993136113
701,129,52,52,40,33,37,104,6,5,5,4,6,4,5,6,7,6,6,5,4,5,2,5,8,1,1,1,1,1,1,2,2,1,bassoon,18,FEMALE,1,,6,7,5,6,6,7,7,5,3,6,7,4,6,5,6,6,6,6,7,7,6,6,2,6,6,5,4,6,6,2,6,4,6,7,7,5,5,7,15,11,8,7,8,23,14,10,5,3,5,50,66,22,19,25,2,2,6,68,73,23,25,25,4,1,0,24,34,11,13,10,1,32,8,7,8,18,female,right,No,Corrected to Normal,Fall,Musician,No,SINGLER,NO,NO,18,18,NO,NO,NO,NONE,NO,0.890716372199997,0.714285714285714,7.66666666666667,0.338418906526775
702,130,42,46,36,31,36,92,7,6,4,4,3,6,6,4,5,5,5,3,4,5,3,2,2,2,2,1,1,1,1,2,2,1,Trumpet,18,MALE,1,,6,4,4,6,5,6,5,5,1,5,6,5,5,4,7,6,4,4,7,7,6,3,2,6,5,5,7,3,3,6,4,3,6,6,6,5,6,7,9,8,9,4,7,20,15,11,5,5,5,56,66,22,22,22,0,0,3,63,68,21,22,25,3,0,0,27,36,13,11,12,0,33,9,4,7,18,male,right,No,Corrected to Normal,Fall,Musician,No,SINGLER,NO,NO,18,18,NO,NO,NO,NONE,NO,0.870089411813265,0.733333333333333,6.66666666666667,0.127824674616628
703,131,52,55,38,32,38,97,7,6,6,6,6,6,6,7,7,6,6,7,5,6,2,4,5,2,2,1,1,1,1,2,2,1,Percussion specifically marimba,18,MALE,1,,7,3,5,6,4,7,6,7,7,6,7,6,5,7,7,7,6,4,7,7,6,5,2,6,5,5,7,6,3,3,5,3,6,7,7,4,7,7,14,11,8,10,11,29,15,12,5,7,10,61,69,22,22,25,3,4,5,55,69,21,23,25,1,0,2,26,36,12,11,13,2,34,8,10,11,18,male,right,No,Corrected to Normal,Fall,Musician,No,SINGLER,NO,NO,18,18,NO,NO,NO,NONE,NO,0.961034248045275,0.8,9.66666666666667,1.4610462764971
704,132,45,57,32,41,38,100,5,6,5,5,7,4,7,7,4,5,3,4,2,6,5,6,6,2,3,1,1,1,1,2,3,1,voicenvoice,19,FEMALE,1,,7,2,5,6,5,6,6,5,3,7,7,6,5,7,7,7,7,4,7,7,5,3,3,5,2,6,6,7,7,7,5,3,7,7,7,5,6,6,13,8,10,9,11,30,10,7,5,5,5,46,63,19,25,19,0,5,6,15,46,8,16,22,1,1,0,20,28,8,9,11,1,35,10,9,11,19,female,right,No,Normal,Fall,Musician,No,SINGLER,NO,NO,19,19,NO,NO,NO,NONE,NO,0.0659494634062095,0.7,10,1.00066877094341
705,133,56,50,39,32,35,100,7,7,5,5,4,3,7,7,7,7,7,5,1,7,5,8,4,2,3,2,2,3,2,2,3,2,flutenflute,19,FEMALE,1,,7,4,7,7,6,7,7,5,6,5,6,5,5,6,7,6,5,5,7,7,6,6,3,6,4,5,5,6,6,2,6,2,5,6,7,5,6,6,10,10,8,8,9,25,14,10,5,7,10,39,53,17,16,20,3,2,4,26,57,17,17,23,2,4,0,35,39,14,11,14,4,36,8,8,9,19,female,right,No,Corrected to Normal,Fall,Musician,No,SINGLER,NO,NO,19,19,NO,NO,NO,NONE,NO,0.461227505157099,0.714285714285714,8.33333333333333,0.550757513046363
706,134,47,51,39,37,35,101,6,6,4,3,2,4,6,7,7,7,5,5,3,7,5,6,6,3,1,2,3,1,1,3,1,1,Trumpetn,18,Male,1,,7,2,7,7,5,6,4,7,2,6,5,5,6,6,6,6,5,6,6,6,6,7,5,6,3,6,6,6,6,6,5,2,6,5,6,5,6,7,15,7,8,8,7,23,15,10,3,4,5,51,63,17,22,24,1,3,7,26,42,7,19,16,4,0,0,19,31,10,12,9,0,37,8,8,7,18,male,right,No,Corrected to Normal,Fall,Musician,No,SINGLER,NO,NO,18,18,NO,NO,NO,NONE,NO,0.102934884729207,0.666666666666667,7.66666666666667,0.0686347118536851
707,135,39,50,34,41,36,96,5,6,3,4,4,5,7,4,6,7,7,5,7,7,9,8,6,2,2,1,2,2,1,2,2,1,Guitar,20,Male,1,na,5,2,5,5,4,5,5,5,3,5,6,5,5,5,7,6,6,5,6,6,5,5,3,5,4,5,7,7,7,5,6,4,7,6,6,5,5,7,13,10,9,10,7,26,14,8,5,2,3,45,62,18,21,23,1,5,5,56,71,23,25,23,0,1,0,32,35,14,12,9,1,38,9,10,7,20,male,right,No,Normal,Fall,Musician,No,SINGLER,NO,NO,20,20,NO,NO,NO,NONE,NO,0.794723323741763,0.571428571428571,8.66666666666667,-0.152425767713112
708,136,44,53,40,32,38,96,6,3,5,6,3,5,7,6,4,3,7,5,1,6,8,8,8,2,2,2,1,1,1,2,2,2,Oboe,18,MALE,1,,6,4,5,6,6,7,3,5,2,7,5,6,6,4,7,7,5,6,7,7,6,4,6,6,4,5,7,7,2,3,5,3,6,7,7,5,6,7,15,10,9,7,10,26,13,11,5,8,9,23,50,15,17,18,1,8,10,42,58,22,18,18,2,3,1,15,27,6,12,9,4,39,9,7,10,18,male,right,No,Corrected to Normal,Fall,Musician,No,SINGLER,NO,NO,18,18,NO,NO,NO,NONE,NO,-0.0493624639792828,0.846153846153846,8.66666666666667,1.40402150924702
709,137,54,51,43,31,37,94,7,4,1,7,6,5,4,2,6,3,6,5,4,5,1,2,3,2,5,1,1,1,1,2,5,1,Piano,18,FEMME,1,,7,2,7,6,6,6,6,7,7,6,7,6,6,5,6,6,3,6,7,7,7,6,6,7,3,3,6,5,5,5,5,2,6,7,6,5,7,6,14,10,10,7,9,26,14,11,5,3,4,50,61,25,21,15,1,2,7,63,67,25,18,24,5,2,0,27,36,13,11,12,2,40,10,7,9,18,female,right,No,I forgot my glasses.,Fall,Musician,No,SINGLER,NO,NO,18,18,NO,NO,NO,NONE,NO,0.731452944170028,0.785714285714286,8.66666666666667,1.06160310831579
710,138,61,61,40,48,38,121,7,6,5,6,5,5,6,7,7,7,4,5,2,6,5,5,6,2,4,1,2,4,1,3,4,5,Voice,18,MALE,1,,7,7,6,7,7,7,6,7,7,7,7,7,7,6,7,7,7,6,7,7,7,7,4,5,3,7,7,7,7,7,7,6,6,7,7,6,6,6,14,7,7,10,7,24,12,8,5,5,7,4,35,12,14,9,2,3,6,58,72,24,25,23,3,3,0,17,26,9,11,6,3,41,7,10,7,19,male,right,No,Corrected to Normal,Fall,Musician,No,SINGLER,NO,NO,19,18,NO,NO,NO,NONE,NO,-0.173551244545662,0.666666666666667,8,0.174804015113479
711,139,41,44,34,34,30,91,7,6,5,5,7,4,6,4,5,5,6,6,1,2,5,6,6,2,3,2,2,3,2,3,1,6,voice,18,FEMALE,1,,6,2,5,4,5,7,4,5,3,4,3,5,6,6,5,5,5,5,6,7,6,4,3,6,2,6,6,6,3,6,4,3,4,6,3,5,5,7,9,7,9,11,12,32,13,10,5,4,4,29,49,13,16,20,0,8,8,45,58,18,20,20,0,3,1,7,21,7,9,5,4,136,9,11,12,18,female,right,No,Corrected to Normal,Fall,Musician,No,SINGLER,NO,NO,18,18,NO,NO,NO,NONE,NO,-0.302438235252252,0.769230769230769,10.6666666666667,1.60523209125695
712,140,45,44,34,24,26,77,3,6,3,5,5,6,7,5,5,7,6,6,6,5,1,2,2,3,1,4,3,1,3,3,1,3,Saxophone,18,Male,1,,5,3,6,5,5,6,6,3,6,6,6,4,6,3,5,5,4,5,6,2,6,5,6,6,3,2,6,5,3,3,3,2,4,3,7,4,2,6,9,10,10,10,6,26,13,9,5,4,8,30,57,17,16,24,4,4,8,3,21,11,5,5,4,4,2,0,11,4,4,3,6,137,10,10,6,18,male,right,No,Corrected to Normal,Fall,Musician,No,SINGLER,NO,NO,18,18,NO,NO,NO,NONE,NO,-1.21179503281423,0.692307692307692,8.66666666666667,0.532411034149346
713,141,43,50,31,35,35,93,4,5,3,5,1,5,4,2,6,5,7,5,4,5,4,2,1,2,2,1,2,2,1,2,2,1,Euphonium,19,MALE,1,,6,2,5,7,5,7,5,3,3,6,6,6,6,6,6,6,3,5,2,7,6,4,1,6,5,7,6,6,6,3,5,2,4,7,7,5,6,6,11,10,9,7,9,25,15,7,5,4,4,40,59,15,19,25,0,1,2,63,68,25,19,24,1,1,4,16,28,9,7,12,5,138,9,7,9,19,male,right,No,Normal,Fall,Musician,No,SINGLER,NO,NO,19,19,NO,NO,NO,NONE,NO,0.397528761117497,0.466666666666667,8.33333333333333,-0.852120299253702
714,142,29,51,39,24,31,77,4,3,6,3,7,1,3,2,5,5,6,5,4,6,5,7,6,2,3,1,2,3,1,2,3,1,Bassoon,18,MALE,1,,5,2,5,2,2,5,3,2,3,6,7,5,3,6,7,5,6,6,6,7,5,4,4,6,7,3,5,5,2,2,5,2,6,6,7,3,2,7,11,10,9,9,9,27,15,12,4,5,5,50,57,13,23,21,0,5,8,33,59,20,22,17,3,3,0,42,42,14,14,14,3,139,9,9,9,18,male,right,No,Normal,Fall,Musician,No,SINGLER,NO,NO,18,18,NO,NO,NO,NONE,NO,0.710040523993571,0.8,9,1.24870766997751
715,143,44,52,39,33,33,95,7,4,1,3,3,6,5,4,4,6,5,4,2,6,4,6,6,2,3,1,2,2,1,2,3,1,TubanTuba,18,MALE,1,,5,4,6,5,3,6,6,6,3,6,6,5,6,5,7,6,6,5,6,7,6,6,3,6,5,4,6,6,4,4,4,5,3,6,6,5,6,7,15,9,8,8,10,26,15,10,5,5,5,75,75,25,25,25,0,2,7,44,65,19,24,22,5,1,0,31,37,13,11,13,1,140,8,8,10,18,male,right,No,Normal,Fall,Musician,No,SINGLER,NO,NO,18,18,NO,NO,NO,NONE,NO,1.06468457841283,0.666666666666667,8.66666666666667,0.387142621633067
716,144,56,51,42,32,38,102,6,7,2,3,4,4,7,4,6,7,7,5,2,7,5,4,8,2,3,1,2,3,1,2,3,3,Clarinet,19,MALE,1,,7,4,5,7,5,7,7,7,7,6,6,5,5,4,7,6,6,6,6,7,7,6,5,4,7,5,7,6,2,3,5,4,6,6,7,5,7,7,15,11,6,8,10,24,11,7,5,3,5,54,66,24,21,21,2,6,11,45,57,15,24,18,5,2,0,25,33,14,9,10,2,141,6,8,10,19,male,right,No,Normal,Fall,Musician,No,SINGLER,NO,NO,19,19,NO,NO,NO,NONE,NO,0.541993153762717,0.636363636363636,8,0.0031231639578769
718,146,35,48,33,39,35,87,5,6,4,5,6,3,4,3,7,5,6,3,2,6,6,6,6,2,3,2,1,1,1,2,3,2,Voice,18,MALE,1,,5,1,6,3,2,6,5,5,2,6,6,5,4,4,6,7,7,3,7,6,7,2,4,6,1,4,7,7,5,7,5,4,7,7,6,3,5,7,15,10,12,9,11,32,11,9,5,2,4,38,55,19,19,17,2,8,9,25,47,12,17,18,1,0,2,20,30,10,7,13,2,143,12,9,11,18,male,right,No,Normal,Fall,Musician,No,SINGLER,NO,NO,18,18,NO,NO,NO,NONE,NO,-0.0289996879344086,0.818181818181818,10.6666666666667,1.88256269696984
720,147,56,54,38,28,39,95,7,7,3,6,5,5,6,2,7,7,7,3,2,6,4,6,8,2,2,1,2,2,1,2,2,1,Percussion,18,MALE,1,,7,5,6,7,7,7,6,7,4,6,6,6,6,6,7,6,6,5,6,1,6,6,6,6,7,4,7,5,2,2,5,3,7,7,7,6,6,6,15,11,10,11,11,32,13,10,5,2,5,37,63,20,21,22,3,2,2,75,75,25,25,25,0,0,0,33,38,10,14,14,0,145,10,11,11,18,male,right,No,Normal,Fall,Musician,No,SINGLER,NO,NO,18,18,NO,NO,NO,NONE,NO,1.01081367369173,0.769230769230769,10.6666666666667,1.60523209125695
721,148,52,57,42,39,42,111,5,5,4,5,5,7,7,5,6,6,5,6,3,7,4,6,6,2,3,2,3,2,2,2,3,2,Piano,20,Female,1,,7,4,7,7,5,7,5,5,5,6,7,6,6,7,7,7,7,4,7,7,7,6,6,7,2,6,7,7,7,5,5,2,7,7,7,7,7,7,6,10,4,6,7,17,15,8,3,4,6,41,60,19,20,21,2,2,3,75,75,25,25,25,1,10,6,2,11,5,2,4,16,146,4,6,7,20,female,right,No,Corrected to Normal,Fall,Musician,No,SINGLER,NO,NO,20,20,NO,NO,NO,NONE,NO,-0.0922585734782075,0.533333333333333,5.66666666666667,-1.32377685278973
722,149,61,63,38,41,42,116,7,4,3,5,4,7,3,1,4,7,4,3,5,5,1,8,6,2,2,2,2,2,2,2,2,2,Piano,22,MALE,1,,7,7,7,7,7,7,7,6,6,7,7,7,7,7,7,7,7,7,6,7,6,6,2,6,5,7,7,7,7,3,6,4,7,7,7,7,7,7,16,11,11,10,12,33,15,14,5,6,9,61,69,22,22,25,3,2,2,69,73,23,25,25,0,1,0,37,39,11,14,14,1,147,11,10,12,22,male,right,No,Normal,Fall,Musician,No,SINGLER,NO,NO,22,22,NO,NO,NO,NONE,NO,1.15327878228963,0.933333333333333,11,2.64111923462093
723,150,53,54,45,35,37,103,6,5,4,6,4,6,4,4,6,5,7,3,4,7,6,5,5,2,4,4,2,4,4,2,4,4,clarinet,21,FEMALE,0,wellbutrin  vyvanse,7,4,7,6,5,7,7,6,4,6,7,3,7,6,7,7,6,5,6,7,7,6,5,7,7,6,7,6,1,2,7,6,7,6,7,4,6,7,13,10,10,10,10,30,11,8,5,4,6,47,61,16,20,25,2,7,17,29,38,15,19,4,10,0,2,18,32,9,13,10,2,148,10,10,10,21,female,right,No,Normal,Fall,Musician,No,SINGLER,NO,NO,21,21,NO,NO,NO,NONE,NO,0.0158186894518597,0.727272727272727,10,1.15518153698345
725,152,50,56,36,30,29,95,5,4,2,3,5,4,6,1,5,5,5,4,5,4,1,1,1,2,5,3,2,5,3,2,5,3,Euphonium,20,MALE,1,,7,3,6,7,6,6,6,7,2,6,6,6,6,6,7,6,6,7,6,7,4,5,5,5,4,2,5,6,4,6,5,2,6,4,3,6,4,6,16,10,10,10,9,29,12,10,5,1,4,62,67,22,25,20,3,2,5,55,66,19,25,22,3,2,1,29,38,13,13,12,3,150,10,10,9,20,male,right,No,Corrected to Normal,Spring,Musician,Yes,SINGLER,NO,NO,20,20,NO,NO,NO,NONE,NO,0.931530434477657,0.833333333333333,9.66666666666667,1.64989521276826
726,153,57,60,41,30,39,100,7,6,1,1,4,1,1,4,2,6,5,3,3,5,3,5,5,2,5,3,2,5,3,2,5,3,piano,25,male,1,none,7,5,6,7,6,7,6,7,6,6,6,7,7,7,7,7,6,7,7,7,7,6,5,7,2,2,7,6,4,2,6,3,7,7,7,5,6,7,14,7,7,8,5,20,11,7,5,3,3,33,58,16,20,22,0,4,6,37,58,20,18,20,2,0,0,13,22,6,6,10,0,151,7,8,5,25,male,right,No,Corrected to Normal,Spring,Musician,Yes,SINGLER,NO,NO,25,25,NO,NO,NO,NONE,NO,-0.0496209013071726,0.636363636363636,6.66666666666667,-0.421554049081299
727,154,56,53,39,39,36,106,6,5,5,5,5,4,4,6,5,5,5,5,1,5,5,8,6,2,4,1,2,4,1,2,4,1,Voice,19,FEMALE,1,,7,4,6,7,6,7,6,7,6,6,6,6,5,6,6,6,6,6,7,7,6,5,4,7,3,5,7,7,6,7,5,2,6,6,7,5,6,6,9,12,10,9,8,27,14,11,5,4,6,58,69,22,22,25,2,8,10,7,38,16,8,14,2,2,1,15,23,10,8,5,3,152,10,9,8,19,female,right,No,Normal,Spring,Musician,Yes,SINGLER,NO,NO,19,19,NO,NO,NO,NONE,NO,-0.137259718254267,0.785714285714286,9,1.16777241157558
728,155,44,55,36,42,41,106,7,7,2,2,6,4,7,5,6,5,6,4,2,6,1,8,6,1,1,1,1,1,1,1,1,1,guitar,29,MALE,0,VYVANSE,5,2,7,5,3,7,7,4,4,6,5,6,6,6,7,6,7,6,7,7,6,6,3,4,3,6,7,6,6,7,7,3,7,7,7,6,7,7,16,8,10,8,8,26,11,9,5,2,3,50,63,17,21,25,1,2,2,61,72,23,24,25,0,2,0,15,26,7,7,12,2,153,10,8,8,29,male,right,No,Normal,Spring,Musician,Yes,SINGLER,NO,NO,29,29,NO,NO,NO,NONE,NO,0.494131595211512,0.818181818181818,8.66666666666667,1.24554687741108
729,156,50,59,40,40,39,108,7,7,5,2,5,4,7,4,5,7,7,4,7,7,8,6,8,2,2,1,2,3,1,2,2,1,guitar,23,MALE,1,,6,4,6,6,5,7,5,4,7,6,7,6,7,6,7,7,6,7,6,6,6,6,4,5,7,5,7,5,7,4,6,6,7,5,7,7,6,7,16,11,12,9,11,32,11,8,5,3,4,68,74,25,25,24,1,1,1,59,70,25,22,23,0,1,0,38,40,14,12,14,1,154,12,9,11,23,male,right,No,Normal,Spring,Musician,Yes,SINGLER,NO,NO,23,23,NO,NO,NO,NONE,NO,1.25249068606675,0.727272727272727,10.6666666666667,1.36752014350304
730,157,53,52,36,33,40,96,7,5,4,4,6,6,7,4,7,6,5,6,3,6,5,6,7,1,1,1,1,1,1,1,1,1,clarinet,18,female,1,na,6,5,6,6,6,6,7,5,6,5,4,6,6,7,7,7,5,5,6,6,6,4,5,6,3,5,7,5,5,2,7,2,6,7,7,6,7,7,13,8,12,10,10,32,10,8,5,6,9,32,56,17,17,22,3,3,5,35,59,23,18,18,2,7,0,20,28,7,10,11,7,155,12,10,10,18,female,right,No,Normal,Spring,Musician,Yes,SINGLER,NO,NO,18,18,NO,NO,NO,NONE,NO,0.151324811964127,0.8,10.6666666666667,1.77955418627648
733,160,38,41,39,19,38,74,6,5,2,3,4,4,6,5,7,7,5,4,3,7,6,8,6,2,2,1,2,2,1,2,2,1,Clarinet,19,FEMALE,1,,6,1,6,6,3,6,2,5,3,7,6,3,4,5,6,6,1,3,6,7,7,4,3,7,5,2,7,1,3,1,3,2,7,7,7,4,6,7,13,5,11,9,12,32,10,7,5,17,20,18,51,16,16,19,3,6,15,22,43,23,16,4,9,5,0,23,36,12,13,11,5,158,11,9,12,19,female,right,No,Corrected to Normal,Spring,Musician,Yes,SINGLER,NO,NO,19,19,NO,NO,NO,NONE,NO,0.0272174483498137,0.7,10.6666666666667,1.21300737746299
734,161,54,51,40,35,35,93,5,4,1,6,4,7,6,1,6,6,6,5,3,5,9,2,3,3,1,6,3,1,6,3,1,6,pianonpiano,43,MALE,1,,6,5,6,6,6,6,7,6,6,5,6,6,5,5,7,6,5,6,6,6,7,3,7,7,4,2,7,6,6,3,6,5,6,6,6,4,6,7,8,12,7,8,5,20,15,13,4,6,7,24,46,16,18,12,1,5,5,39,54,19,18,17,0,15,3,2,5,2,1,2,18,159,7,8,5,22,male,right,No,Normal,Spring,Musician,Yes,SINGLER,NO,NO,22,43,NO,NO,NO,NONE,NO,-1.06288512034272,0.866666666666667,6.66666666666667,0.883220419701279
737,164,53,58,39,39,41,110,7,7,7,6,5,6,7,7,4,7,5,6,2,7,9,7,7,2,4,3,2,3,3,3,3,5,voice,23,FEMALE,1,,7,4,6,7,5,7,3,7,7,7,6,6,7,6,6,7,7,6,7,7,6,6,4,6,3,5,7,7,4,7,6,3,7,7,7,6,7,7,9,9,6,8,7,21,15,10,3,8,9,3,22,12,4,6,1,5,5,0,6,1,3,2,0,3,0,0,9,3,4,2,3,162,6,8,7,23,female,right,No,Corrected to Normal,Spring,Musician,No,SINGLER,NO,NO,23,23,NO,NO,NO,NONE,NO,-2.41391940442737,0.666666666666667,7,-0.143703894665903
738,165,46,57,33,30,40,94,4,7,4,5,4,6,7,6,5,7,6,6,4,6,1,7,2,1,1,1,1,1,1,3,1,3,saxophone,22,FEMALE,1,,6,4,6,6,4,7,6,2,5,7,7,6,7,6,7,6,7,4,6,6,6,5,1,6,3,2,6,6,4,2,6,4,7,7,7,5,7,7,10,8,9,7,8,24,11,7,5,10,12,24,48,18,12,18,2,6,7,54,62,22,20,20,1,3,0,6,23,9,6,8,3,163,9,7,8,22,female,right,No,Corrected to Normal,Spring,Sona,No,SINGLER,YES,NO,22,22,NO,NO,NO,NONE,NO,-0.172244509308067,0.636363636363636,8,0.0031231639578769
739,166,51,41,40,32,37,94,7,4,2,5,5,5,5,1,6,2,6,5,4,4,3,9,5,2,4,1,2,4,1,2,4,1,Bassoon,20,MALE,1,,6,4,6,5,4,6,7,7,6,3,6,6,6,4,5,3,3,5,6,7,6,6,5,5,5,5,7,5,5,2,5,3,7,5,7,5,6,7,15,11,9,9,8,26,10,6,5,4,7,57,67,20,25,22,3,2,11,62,70,24,25,21,9,0,1,25,35,9,13,13,1,164,9,9,8,20,male,right,No,Normal,Spring,Musician,No,SINGLER,NO,NO,20,20,NO,NO,NO,NONE,NO,0.894545013154659,0.6,8.66666666666667,0.00944474909074197
740,167,45,57,39,29,36,97,4,3,5,7,4,5,6,4,4,3,5,6,2,7,9,8,8,2,5,5,2,5,5,2,5,5,Percussion,21,MALE,1,,6,4,3,6,6,5,5,7,3,7,7,6,7,6,7,6,6,5,7,6,6,6,4,6,4,5,5,5,3,4,6,1,6,5,7,6,5,7,16,10,10,9,7,26,15,11,4,3,3,62,71,21,25,25,0,3,5,58,69,24,24,21,2,1,1,37,39,14,14,11,2,165,10,9,7,21,male,left,No,Corrected to Normal,Spring,Musician,Yes,SINGLER,NO,NO,21,21,NO,NO,NO,NONE,NO,1.12334085724018,0.733333333333333,8.66666666666667,0.764840494175392
741,168,55,55,43,44,34,118,7,5,3,4,6,5,5,5,4,6,7,5,4,6,8,6,7,2,5,1,2,5,1,2,5,1,voice,19,female,1,,7,6,6,7,7,7,5,7,3,7,5,6,6,6,7,6,6,6,7,7,7,6,4,7,5,7,7,7,7,7,6,3,7,1,7,6,7,6,9,10,11,8,9,28,15,13,5,4,5,57,70,23,25,22,1,7,7,44,65,21,24,20,0,4,0,26,34,12,13,9,4,166,11,8,9,19,female,right,No,Corrected to Normal,Spring,Musician,Yes,SINGLER,NO,NO,19,19,NO,NO,NO,NONE,NO,0.83084052210109,0.866666666666667,9.33333333333333,1.73257484577963
742,169,52,62,43,47,40,116,7,5,4,4,7,3,5,4,5,6,6,6,2,7,7,6,2,2,5,1,2,5,1,2,5,1,voice,37,MALE,1,,7,5,7,7,2,7,7,7,3,7,7,7,7,7,7,7,7,6,7,7,7,5,7,7,3,7,6,7,7,6,7,7,6,6,7,7,7,7,16,9,10,8,10,28,15,14,4,4,4,62,72,24,25,23,0,7,12,62,68,19,25,24,5,1,1,27,37,11,13,13,2,167,10,8,10,37,male,right,No,Normal,Spring,Musician,Yes,SINGLER,NO,NO,37,37,NO,NO,NO,NONE,NO,1.0513692986415,0.933333333333333,9.33333333333333,2.11027271832196
900,170,43,53,24,33,37,80,5,5,6,6,7,6,7,5,6,6,7,7,3,7,6,6,6,1,1,1,1,1,1,2,2,2,voice,19,MALE,1,,5,3,5,5,5,6,6,5,3,7,6,6,6,6,5,6,6,5,6,3,3,3,3,5,1,6,5,6,2,3,6,5,7,6,6,5,6,7,9,11,9,8,10,27,15,9,4,4,5,53,64,24,17,23,1,1,4,37,63,20,21,22,3,2,0,23,37,12,12,13,2,168,9,8,10,19,male,right,No,Corrected to Normal,Fall,Lab Volunteer,No,SINGLER,NO,NO,19,19,NO,NO,NO,NONE,NO,0.763565827420747,0.6,9,0.115614052350536
901,171,27,41,12,12,15,27,5,6,3,3,5,7,5,1,7,7,7,5,1,4,2,3,1,1,1,1,1,1,1,1,1,1,viola,20,FEMALE,1,,1,1,1,1,6,1,7,7,2,5,6,7,1,3,5,6,2,6,1,1,2,3,1,3,1,1,1,1,1,1,6,1,1,4,1,1,1,7,16,8,7,6,7,20,15,8,3,5,6,21,40,15,20,5,1,11,15,53,59,23,22,14,4,1,4,16,26,8,8,10,5,169,7,6,7,20,female,right,No,Normal,Fall,Lab Volunteer/Sona,No,SINGLER,NO,NO,20,20,NO,NO,NO,NONE,NO,-0.306618224514806,0.533333333333333,6.66666666666667,-1.00526894301035
902,172,58,36,9,19,38,56,2,2,1,7,2,6,5,1,6,4,6,2,3,2,3,5,2,1,1,1,1,1,1,1,1,1,None,22,MALE,1,,7,3,7,7,7,7,7,7,6,5,7,2,3,5,3,3,2,6,2,2,1,1,1,1,1,2,2,2,5,1,5,2,7,7,7,3,7,7,7,12,8,9,7,24,15,9,3,4,6,7,38,9,18,11,2,2,3,58,70,24,25,21,1,4,0,15,27,8,8,11,4,170,8,9,7,22,male,right,No,Normal,Fall,Lab Volunteer,No,SINGLER,NO,NO,22,22,NO,NO,NO,NONE,NO,-0.102623583064602,0.6,8,-0.202893857428846
903,173,27,43,29,27,27,64,5,3,4,5,5,6,2,6,3,3,5,7,3,3,3,4,4,1,1,1,1,1,1,1,1,1,voice,20,MALE,1,,2,1,4,3,1,4,4,5,3,5,6,2,3,5,6,5,5,6,4,4,6,3,4,6,2,2,2,6,5,4,5,3,4,4,7,3,3,6,16,11,10,10,10,30,13,10,5,2,3,57,69,23,24,22,1,1,1,62,71,25,21,25,0,0,1,25,31,6,12,13,1,171,10,10,10,20,male,right,No,Corrected to Normal,Fall,Sona,No,SINGLER,NO,NO,20,20,NO,NO,NO,NONE,NO,0.808824063302819,0.769230769230769,10,1.39289348473736
904,174,30,36,13,27,22,58,4,4,4,4,4,4,4,4,4,4,4,4,4,4,8,9,9,1,1,1,1,1,1,1,1,1,nothing,19,FEMALE,1,,2,2,4,4,4,4,4,3,3,4,4,4,4,4,4,4,4,4,4,4,1,1,1,1,1,3,4,4,4,4,4,4,2,4,4,4,4,4,11,8,6,6,6,18,15,4,4,7,9,6,31,8,11,12,2,9,11,10,29,12,5,12,2,3,1,17,29,9,11,9,4,172,6,6,6,19,female,right,No,Normal,Fall,Sona,No,SINGLER,NO,NO,19,19,NO,NO,NO,NONE,NO,-0.988837261536749,0.266666666666667,6,-2.72839903969924
905,175,30,39,16,19,32,48,5,5,1,1,2,4,2,1,5,4,7,4,5,6,5,7,6,1,1,1,1,1,1,1,1,1,pianonpiano,20,Male,1,,3,2,5,5,1,2,5,3,4,4,6,5,5,5,3,5,1,5,1,2,3,3,1,4,2,2,5,1,2,2,4,3,5,6,5,3,6,7,11,9,6,5,7,18,15,3,2,6,7,24,46,15,18,13,1,2,5,19,41,12,12,17,3,2,1,14,24,8,8,8,3,173,6,5,7,20,male,right,No,Corrected to Normal,Fall,Sona,No,SINGLER,NO,NO,20,20,NO,NO,NO,NONE,NO,-0.589286319543305,0.2,6,-3.10609691224156
906,176,38,46,8,32,37,60,4,3,5,3,5,7,4,4,7,3,6,6,1,5,8,6,1,1,1,1,1,1,1,1,1,1,voicenvoice,24,FEMALE,1,,3,2,4,3,3,6,6,5,6,5,6,5,4,5,6,5,5,5,2,1,1,1,1,1,1,4,5,5,5,4,5,4,7,7,7,3,6,7,15,10,7,8,5,20,15,4,2,7,7,15,42,14,12,16,0,5,6,28,48,11,21,16,1,1,0,20,31,8,10,13,1,174,7,8,5,20,female,right,No,Normal,Fall,Sona,No,SINGLER,NO,NO,20,24,NO,NO,NO,NONE,NO,-0.281382910397653,0.266666666666667,6.66666666666667,-2.51606043317965
908,178,45,57,35,40,36,108,4,5,7,6,5,7,5,2,7,6,7,7,5,7,3,2,5,1,1,1,1,1,1,3,1,3,Voice,18,FEMALE,1,,6,5,7,6,4,6,6,2,3,7,6,6,6,6,7,7,7,5,7,7,7,4,1,4,5,5,7,7,7,6,5,3,6,6,6,5,7,6,8,9,9,10,8,27,15,11,5,5,5,47,57,17,16,24,0,4,4,55,67,18,24,25,0,0,1,20,27,10,12,5,1,176,9,10,8,18,female,right,No,Corrected to Normal,Fall,Sona,No,SINGLER,NO,NO,18,18,NO,NO,NO,NONE,NO,0.292224747996541,0.733333333333333,9,0.871009797435186
909,179,34,45,7,27,34,58,2,4,7,4,5,6,4,5,5,4,7,4,5,5,3,6,6,1,1,1,1,1,1,1,1,1,none,18,MALE,1,,2,2,5,5,1,6,5,3,5,5,6,6,5,6,6,2,4,5,1,1,1,1,1,1,1,4,5,1,4,5,5,3,4,7,6,5,5,7,12,9,7,8,6,21,10,8,5,7,9,37,60,15,22,23,2,8,15,4,29,14,11,4,7,5,2,19,27,6,12,9,7,177,7,8,6,18,male,right,No,Normal,Fall,Sona,No,SINGLER,NO,NO,18,18,NO,NO,NO,NONE,NO,-0.373718591263081,0.8,7,0.611691850418748
910,180,32,38,8,33,29,59,2,2,7,5,4,7,4,7,4,3,2,7,1,7,3,5,5,1,1,1,2,2,2,1,1,1,recorder,18,FEMALE,1,,4,2,1,4,2,4,4,6,5,4,7,3,7,7,4,2,1,3,1,1,1,1,1,1,2,6,4,1,5,7,6,4,5,3,6,2,6,7,13,7,6,6,5,17,15,7,2,3,3,11,45,16,17,12,0,5,5,48,61,22,18,21,0,3,0,11,23,7,9,7,3,178,6,6,5,18,female,right,No,Normal,Fall,Sona,No,SINGLER,NO,NO,18,18,NO,NO,NO,NONE,NO,-0.263189345540077,0.466666666666667,5.66666666666667,-1.70147472533205
911,181,32,41,15,22,36,60,5,6,7,2,3,5,7,4,2,5,4,7,1,5,4,8,8,1,1,1,1,1,1,1,1,1,clarinet,19,FEMALE,1,,4,1,3,4,1,7,6,3,3,6,5,2,5,5,6,3,4,5,1,1,4,3,1,3,2,4,4,2,2,1,6,3,5,6,7,5,6,7,9,8,4,6,3,13,15,5,3,5,6,20,39,8,17,14,1,3,4,19,39,12,18,9,1,0,0,2,15,4,5,6,0,179,4,6,3,19,female,right,No,Corrected to Normal,Fall,Sona,No,SINGLER,NO,NO,19,19,NO,NO,NO,NONE,NO,-1.13886674106397,0.333333333333333,4.33333333333333,-2.88154768345588
912,182,36,30,8,15,32,41,4,4,6,6,5,7,3,3,5,3,6,6,3,4,8,8,8,1,1,1,1,1,1,1,1,1,recorder,19,MALE,1,,6,1,5,3,2,3,6,4,6,5,5,2,3,4,2,5,2,2,1,1,1,1,1,1,2,1,1,1,4,6,1,1,5,3,7,3,7,7,8,6,6,6,6,18,12,8,5,1,3,7,20,9,5,6,2,2,4,0,6,4,1,1,2,1,2,0,8,2,2,4,3,180,6,6,6,19,male,right,No,I forgot my glasses.,Fall,Sona,No,SINGLER,NO,NO,19,19,NO,NO,NO,NONE,NO,-2.49981602843315,0.666666666666667,6,-0.462211804445285
913,183,31,37,21,19,29,52,4,4,7,6,5,7,5,5,6,4,5,7,3,7,8,6,8,1,1,1,1,1,1,1,1,1,piano,19,FEMALE,1,,3,2,6,4,4,3,3,3,3,5,6,3,2,6,2,5,2,6,1,2,5,5,1,5,2,4,5,1,2,1,5,1,3,6,6,3,5,6,12,7,9,6,10,25,15,11,4,3,7,0,22,5,8,9,4,3,3,24,41,10,16,15,0,1,0,4,16,7,3,6,1,181,9,6,10,19,female,right,No,Corrected to Normal,Fall,Sona,No,SINGLER,NO,NO,19,19,NO,NO,NO,NONE,NO,-1.4672258372345,0.733333333333333,8.33333333333333,0.658671190915598
914,184,44,51,8,38,31,76,6,5,5,6,4,7,6,3,6,6,6,5,7,5,7,6,8,1,1,1,1,1,1,1,1,1,VoicenVoice,20,Male,1,,6,2,6,7,1,7,5,3,7,6,7,3,7,5,6,6,5,6,2,1,1,1,1,1,1,7,7,5,6,1,6,6,6,5,7,4,5,4,12,11,8,9,8,25,15,13,3,3,3,22,47,17,14,16,0,2,2,55,65,18,22,25,0,2,3,7,22,8,5,9,5,182,8,9,8,20,male,right,No,Corrected to Normal,Fall,Sona,No,SINGLER,NO,NO,20,20,NO,NO,NO,NONE,NO,-0.176073150262729,0.866666666666667,8.33333333333333,1.41406693600025
915,185,42,45,25,24,34,66,5,4,4,6,5,4,2,2,6,2,6,6,2,4,3,8,5,1,1,1,1,1,1,1,1,1,Piano,18,NONBINARY,1,,6,1,5,3,6,4,5,7,5,5,7,5,3,6,5,5,5,4,5,4,4,4,1,5,2,4,5,2,3,2,6,2,5,7,6,3,6,7,14,8,10,10,7,27,15,10,4,6,6,19,53,16,18,19,0,7,8,55,67,24,18,25,1,2,0,7,25,8,8,9,2,183,10,10,7,18,female,right,No,Corrected to Normal,Fall,Sona,No,SINGLER,NO,NO,18,18,NO,NO,NO,NONE,NO,0.120431499984969,0.666666666666667,9,0.493311924892861
916,186,44,53,29,28,36,84,6,5,4,4,5,7,4,4,7,5,6,6,5,4,7,4,6,1,1,1,1,1,1,1,1,1,Saxaphonen,18,MALE,1,,5,4,6,5,5,6,6,4,3,6,6,6,6,6,6,6,5,6,6,4,5,4,3,5,2,5,6,3,3,3,6,2,6,6,5,6,6,7,14,8,6,8,5,19,14,9,5,4,5,21,52,18,19,15,1,7,12,3,12,3,9,0,5,1,0,4,15,3,5,7,1,184,6,8,5,18,male,right,No,Normal,Fall,Sona,No,SINGLER,NO,NO,18,18,NO,NO,NO,NONE,NO,-1.35287064300059,0.642857142857143,6.33333333333333,-0.490934598522036
917,187,35,33,15,13,31,46,4,4,6,6,3,7,3,4,6,4,1,7,1,5,3,1,1,1,1,1,1,1,1,1,1,1,piano,21,FEMALE,1,nA,4,1,5,4,2,5,7,3,4,5,5,3,1,3,5,5,1,5,1,1,4,5,1,1,2,1,1,1,3,1,5,1,5,5,7,5,5,4,10,6,10,9,9,28,14,11,5,0,1,28,56,19,20,17,1,2,2,43,56,20,15,21,0,3,0,29,37,14,12,11,3,185,10,9,9,21,female,right,No,Corrected to Normal,Spring,Lab Volunteer,No,SINGLER,NO,NO,21,21,NO,NO,NO,NONE,NO,0.43694757796965,0.785714285714286,9.33333333333333,1.27394171483538
918,188,26,46,7,26,26,49,5,4,7,4,3,3,1,7,6,2,2,7,1,7,5,7,5,1,1,1,1,1,1,1,1,1,,21,FEMALE,1,,1,1,2,6,2,5,6,2,1,7,6,3,3,6,6,6,3,6,1,1,1,1,1,1,1,5,6,1,2,1,6,5,2,3,6,4,5,6,12,7,9,7,8,24,15,9,5,2,4,9,36,17,8,11,2,12,15,23,38,14,10,14,3,4,1,9,17,10,3,4,5,186,9,7,8,21,female,right,No,Normal,Spring,Lab Volunteer,No,SINGLER,NO,NO,21,21,NO,NO,NO,NONE,NO,-1.15340159210686,0.6,8,-0.202893857428846
919,189,28,48,8,24,32,48,1,2,1,2,4,5,6,3,7,7,2,5,1,7,1,9,6,1,1,1,1,1,1,1,1,1,none,19,FEMALE,1,,1,1,4,1,3,4,5,2,7,6,7,5,5,6,7,6,1,5,2,1,1,1,1,1,1,1,6,4,6,1,5,1,2,5,6,6,7,6,9,9,8,8,6,22,15,4,3,2,3,15,41,18,14,9,1,3,4,19,33,14,6,13,1,3,1,4,9,4,4,1,4,187,8,8,6,19,female,right,No,Corrected to Normal,Spring,Sona,No,SINGLER,NO,NO,19,19,NO,NO,NO,NONE,NO,-1.43684939991112,0.266666666666667,7.33333333333333,-2.30372182666006
920,190,33,44,16,25,32,57,5,4,1,6,5,2,4,1,6,4,7,7,5,7,4,8,7,1,1,1,1,1,1,1,1,1,voice,23,Female,0,Lithium Adderal Ziprasidone,5,1,6,4,2,5,6,1,3,6,6,3,3,6,6,6,3,5,6,1,1,1,1,5,1,3,5,2,5,1,6,3,6,5,6,4,5,6,11,11,11,8,10,29,9,7,5,0,1,45,65,23,23,19,1,3,3,56,66,23,25,18,0,1,0,29,33,10,11,12,1,188,11,8,10,23,female,right,No,Corrected to Normal,Spring,Sona,No,SINGLER,NO,NO,23,23,NO,NO,NO,NONE,NO,0.692813840093634,0.777777777777778,9.66666666666667,1.33514698564966
921,191,53,63,46,46,40,117,7,5,1,3,4,5,6,7,6,5,6,6,2,6,7,8,6,2,3,1,2,3,1,3,1,6,piano,23,FEMALE,1,,6,4,7,7,5,7,7,5,5,7,7,7,7,7,7,7,7,7,7,7,7,5,7,7,6,5,7,7,7,7,7,6,5,7,7,7,7,7,16,9,9,8,7,24,15,11,5,3,3,35,53,17,11,25,0,4,4,63,73,24,24,25,0,1,0,16,24,10,8,6,1,189,9,8,7,23,female,right,No,Normal,Spring,Sona,No,SINGLER,NO,NO,23,23,NO,NO,NO,NONE,NO,0.19867084208143,0.733333333333333,8,0.552501887655804
922,192,34,48,25,34,35,89,4,4,7,6,4,6,6,7,6,5,5,7,2,5,3,2,2,1,1,1,1,1,1,3,3,5,Voice,18,female,1,,5,2,5,5,2,6,2,4,3,5,6,5,6,5,6,5,6,4,6,6,6,3,1,2,1,4,6,6,6,6,5,1,5,7,7,4,6,6,8,8,10,11,9,30,14,12,5,2,9,37,58,20,21,17,7,5,11,21,39,18,12,9,6,1,0,12,20,8,6,6,1,190,10,11,9,18,female,right,No,Normal,Spring,Sona,No,SINGLER,NO,NO,18,18,NO,NO,NO,NONE,NO,-0.494771279684522,0.857142857142857,10,1.8909566133646
923,193,22,35,9,21,25,39,1,1,1,1,1,6,5,3,5,3,3,6,2,6,4,8,5,1,1,1,1,1,1,1,1,1,none,19,FEMALE,1,,1,1,3,5,1,3,3,2,3,3,6,5,1,5,5,5,3,2,1,1,1,1,1,3,1,2,5,1,6,1,4,2,5,5,7,1,2,5,14,10,8,8,5,21,15,9,5,5,8,23,51,15,20,16,3,3,10,60,67,20,24,23,7,12,0,12,25,10,9,6,12,191,8,8,5,19,female,right,No,Corrected to Normal,Spring,Sona,No,SINGLER,NO,NO,19,19,NO,NO,NO,NONE,NO,0.0727398685737424,0.6,7,-0.521401767208228
924,194,34,44,7,17,39,48,4,2,1,5,1,7,1,1,5,5,5,1,1,2,2,5,8,1,1,1,1,1,1,1,1,1,voice,21,MALE,0,zoloft 50mg wellbutrin 150mg,2,1,5,5,2,7,6,2,4,5,5,5,4,6,6,4,3,6,1,1,1,1,1,1,1,4,2,4,4,1,1,1,7,7,7,5,6,7,11,7,5,8,8,21,15,15,4,3,4,44,64,21,21,22,1,2,2,69,74,25,24,25,0,0,0,19,34,12,12,10,0,192,5,8,8,21,male,right,No,Corrected to Normal,Spring,Sona,No,SINGLER,NO,NO,21,21,NO,NO,NO,NONE,NO,0.86243212990394,1,7,1.74478546804572
925,195,53,49,41,39,38,105,6,7,4,4,5,5,7,4,7,7,7,5,4,5,2,4,1,2,2,1,2,2,1,2,3,1,flute,22,FEMALE,1,,6,5,6,7,4,7,5,6,7,6,6,4,5,4,6,6,6,6,6,7,7,6,6,6,3,6,7,5,6,6,5,4,6,7,7,5,6,7,14,10,7,7,8,22,15,9,4,3,7,6,37,12,11,14,4,4,6,13,26,17,4,5,2,3,0,7,20,6,10,4,3,193,7,7,8,22,female,right,No,Corrected to Normal,Spring,Sona,No,SINGLER,NO,NO,22,22,NO,NO,NO,NONE,NO,-1.24782946799961,0.6,7.33333333333333,-0.415232463948434
926,196,50,47,30,32,30,85,2,5,1,7,2,6,5,1,7,4,7,2,5,5,9,8,8,3,2,2,1,1,1,1,1,1,drums,20,MALE,0,Vyvanse Intuniv,6,3,6,6,3,7,7,5,7,6,6,4,5,4,6,6,4,6,5,5,2,5,5,5,3,4,6,6,6,4,4,2,6,5,5,4,4,6,13,9,7,7,7,21,15,10,4,5,11,32,53,16,19,18,6,2,2,39,59,20,21,18,0,0,2,19,34,10,10,14,2,194,7,7,7,20,male,right,No,Normal,Spring,Sona,No,SINGLER,NO,NO,20,20,NO,NO,NO,NONE,NO,0.309017320414643,0.666666666666667,7,-0.143703894665903
927,197,34,41,8,24,30,49,2,4,6,4,4,7,4,5,4,4,4,6,2,4,9,6,8,1,1,1,1,1,1,1,1,1,voicenvoice,18,FEMALE,1,,2,1,4,4,2,5,7,4,5,4,6,2,4,6,5,6,3,5,2,1,1,1,1,1,1,2,6,2,4,4,4,2,4,5,6,2,6,7,9,8,8,7,3,18,15,8,3,1,2,14,37,16,9,12,1,3,4,26,44,22,15,7,1,8,3,10,16,6,5,5,11,195,8,7,3,18,female,right,No,Normal,Spring,Sona,No,SINGLER,NO,NO,18,18,NO,NO,NO,NONE,NO,-1.05131643430479,0.533333333333333,6,-1.21760754952994
928,198,34,45,35,26,34,77,6,2,3,1,5,4,2,3,4,4,5,5,2,6,4,6,6,1,1,1,1,1,1,1,1,1,piano,19,FEMALE,1,,6,1,5,6,1,6,5,2,2,6,6,4,5,5,5,5,5,4,6,3,6,4,7,6,3,4,6,3,4,2,4,3,6,7,6,3,5,7,13,7,7,7,6,20,9,6,5,5,5,38,60,24,20,16,0,2,3,45,67,24,22,21,1,2,0,13,28,10,9,9,2,196,7,7,6,19,female,right,No,Corrected to Normal,Spring,Sona,No,SINGLER,NO,NO,19,19,NO,NO,NO,NONE,NO,0.40196718770794,0.666666666666667,6.66666666666667,-0.249873197925697
929,199,37,57,39,39,32,95,5,3,6,5,6,5,6,6,2,2,3,5,1,6,9,2,7,1,1,1,1,1,1,1,1,1,voice,20,FEMALE,0,10 mg adderall 20 mg lexapro,6,2,4,6,4,3,5,4,3,6,7,6,6,7,7,6,6,6,7,3,7,6,7,7,2,3,6,7,7,7,6,3,1,6,6,5,7,7,11,7,6,5,8,19,15,12,5,2,4,38,61,22,21,18,2,3,3,48,64,19,24,21,0,3,1,12,20,6,6,8,4,197,6,5,8,20,female,right,No,Normal,Spring,Sona,No,SINGLER,NO,NO,20,20,NO,NO,NO,NONE,NO,0.0619508953115691,0.8,6.33333333333333,0.399353243899159
930,200,34,44,27,34,28,73,5,5,5,3,6,5,4,4,6,5,6,4,3,5,6,5,7,1,1,1,1,1,1,1,1,1,Trumpet,19,MALE,1,,2,2,5,3,2,6,5,3,6,3,6,6,4,6,6,5,3,5,6,3,5,4,1,5,3,5,5,2,5,6,5,6,6,4,7,4,4,3,13,10,11,9,11,31,14,8,5,4,8,43,58,13,25,20,4,2,2,56,69,20,24,25,0,7,0,24,30,9,13,8,7,198,11,9,11,19,male,right,No,Normal,Spring,Sona,No,SINGLER,NO,NO,19,19,NO,NO,NO,NONE,NO,0.469500319716173,0.571428571428571,10.3333333333333,0.378420748585859
931,201,31,39,24,28,21,58,1,1,1,1,1,5,2,2,7,1,1,1,1,1,4,2,3,1,2,2,1,2,2,1,2,2,none,20,FEMALE,1,,1,1,4,2,6,4,4,4,5,6,6,6,2,6,2,6,3,2,6,5,2,3,3,2,3,1,5,2,6,5,5,4,6,6,2,2,2,3,12,7,8,7,7,22,15,4,2,23,24,17,43,15,12,16,1,9,11,25,45,18,15,12,2,2,0,15,25,9,9,7,2,199,8,7,7,20,female,right,No,Normal,Spring,Sona,No,SINGLER,NO,NO,20,20,NO,NO,NO,NONE,NO,-0.544989217604906,0.266666666666667,7.33333333333333,-2.30372182666006
932,202,45,48,18,28,34,71,6,4,1,5,6,6,3,1,6,2,7,6,6,5,4,6,8,1,1,1,1,1,1,1,1,1,piano,19,FEMALE,1,,6,3,6,3,2,7,6,6,6,6,6,6,5,5,6,6,3,5,6,3,2,3,1,1,2,6,6,2,5,2,5,2,7,7,6,2,6,6,9,7,6,6,6,18,15,4,5,7,9,17,36,10,17,9,2,8,11,6,24,12,8,4,3,4,1,8,26,7,7,12,5,200,6,6,6,19,female,right,No,Normal,Spring,Sona,No,SINGLER,NO,NO,19,19,NO,NO,NO,NONE,NO,-1.08126010636821,0.266666666666667,6,-2.72839903969924
933,203,37,43,17,33,35,72,5,5,4,5,4,7,7,7,4,4,5,6,4,6,1,3,4,1,1,1,1,1,1,1,1,1,trumbone,20,female,1,,6,4,6,5,2,5,5,1,3,5,6,5,5,6,6,5,1,4,4,4,1,3,1,3,1,4,7,2,4,6,6,4,5,6,6,4,7,7,12,5,8,8,6,22,13,4,5,8,9,14,45,11,15,19,1,10,13,34,44,13,13,18,3,8,0,18,26,8,8,10,8,201,8,8,6,0,female,right,No,Normal,Spring,Sona,No,SINGLER,NO,NO,0,20,NO,NO,NO,NONE,NO,-0.47849998271429,0.307692307692308,7.33333333333333,-2.07129236663401
934,204,29,34,9,18,28,46,4,3,7,4,1,6,5,4,4,2,5,5,4,4,2,3,3,1,1,1,1,1,1,1,1,1,I can not play an instrument,19,female,1,,2,2,4,4,4,4,4,1,4,3,4,4,4,5,3,3,3,5,3,1,1,1,1,1,1,4,4,2,3,3,1,1,4,6,6,3,4,5,11,6,5,6,8,19,15,6,3,1,1,6,23,9,7,7,0,2,2,0,10,4,1,5,0,0,0,0,4,2,1,1,0,202,5,6,8,19,female,right,No,Normal,Spring,Sona,No,SINGLER,NO,NO,19,19,NO,NO,NO,NONE,NO,-2.50346899523387,0.4,6.33333333333333,-1.86683399135479
935,205,37,51,28,38,34,83,5,5,5,1,1,7,7,5,3,5,3,7,2,6,4,5,5,1,1,1,1,1,1,1,1,1,clarinet,21,female,1,na,3,3,6,3,4,5,7,2,4,6,7,5,6,3,6,7,5,6,6,3,5,3,3,5,3,5,7,5,5,4,7,5,3,6,7,5,6,7,13,10,10,6,4,20,9,6,5,0,2,28,54,18,20,16,2,1,6,38,58,17,22,19,5,2,2,13,26,7,9,10,4,,,,,,female,,,,Spring,Sona,No,SINGLER,NO,NO,,21,NO,NO,NO,NONE,NO,0.00781580624861128,0.666666666666667,6.66666666666667,-0.249873197925697
936,206,35,54,29,36,35,92,5,5,4,2,6,1,6,7,7,5,7,4,3,6,4,7,6,1,1,1,1,1,1,1,1,1,voice,19,FEMALE,1,,5,1,5,6,1,7,2,5,3,5,6,5,6,6,6,7,7,6,5,2,7,5,1,7,2,3,7,6,6,6,6,2,4,7,7,5,5,7,8,6,11,9,11,31,13,9,5,6,7,12,37,8,13,16,1,3,5,6,21,8,2,11,2,3,0,7,13,7,3,3,3,203,11,9,11,19,female,right,No,Normal,Spring,Sona,No,SINGLER,NO,NO,19,19,NO,NO,NO,NONE,NO,-1.61230136173738,0.692307692307692,10.3333333333333,1.06325755044832
937,207,60,52,11,27,40,74,5,6,2,6,6,6,7,1,7,6,7,5,4,5,5,3,2,1,1,1,1,1,1,1,1,1,Piano,20,FEMALE,1,,7,5,7,7,7,7,7,7,6,6,7,6,6,5,5,5,6,6,2,1,2,2,1,1,2,6,6,1,2,1,6,5,7,7,7,5,7,7,13,7,11,8,11,30,11,7,5,2,2,29,62,23,18,21,0,1,2,69,73,25,23,25,1,0,1,20,33,10,13,10,1,204,11,8,11,20,female,right,No,Corrected to Normal,Spring,Sona,No,SINGLER,NO,NO,20,20,NO,NO,NO,NONE,NO,0.757128116782984,0.636363636363636,10,0.640138983516641
938,208,42,38,8,26,28,59,4,5,5,4,4,5,5,5,4,5,4,5,2,5,7,2,2,1,1,1,1,1,1,1,1,1,chello,18,FEMALE,1,,6,3,6,5,4,5,5,3,5,5,6,4,5,6,4,4,1,3,2,1,1,1,1,1,1,4,5,2,2,6,6,1,5,4,6,3,6,4,11,8,5,6,5,16,14,4,5,6,7,3,34,10,9,15,1,5,5,4,17,7,7,3,0,1,0,8,18,6,7,5,1,205,5,6,5,18,female,right,No,Corrected to Normal,Spring,Sona,No,SINGLER,NO,NO,18,18,NO,NO,NO,NONE,NO,-1.5704434023421,0.285714285714286,5.33333333333333,-2.83282396834959
939,209,26,46,13,39,33,68,2,1,6,6,1,6,1,6,6,1,1,6,1,4,4,6,2,1,1,1,1,1,1,1,1,1,nonen,18,female,1,,2,1,2,2,2,5,3,3,6,5,7,2,4,6,6,6,4,6,1,1,7,1,1,1,1,6,6,5,6,4,6,6,5,5,6,6,5,6,13,7,8,6,6,20,15,6,4,5,5,57,64,25,16,23,0,4,4,34,64,20,22,22,0,1,0,15,33,9,12,12,1,206,8,6,6,19,female,right,No,Corrected to Normal,Spring,Sona,No,SINGLER,NO,NO,19,18,NO,NO,NO,NONE,NO,0.63015324615768,0.4,6.66666666666667,-1.760664688095
940,210,37,54,10,40,40,74,5,6,6,7,3,7,4,6,7,5,5,7,1,7,8,4,2,1,1,1,1,1,1,1,1,1,,19,FEMALE,1,,2,3,6,4,2,6,7,5,2,7,7,4,6,6,7,7,4,6,4,1,1,1,1,1,1,7,7,5,5,4,7,5,7,6,7,6,7,7,8,5,8,6,7,21,15,7,5,2,3,19,40,14,10,16,1,3,4,13,29,10,17,2,1,0,2,6,17,7,5,5,2,207,8,6,7,19,female,right,No,Normal,Spring,Sona,No,SINGLER,NO,NO,19,19,NO,NO,NO,NONE,NO,-1.23268483132094,0.466666666666667,7,-1.27679751229288
941,211,50,46,33,24,36,80,4,6,1,4,3,5,5,4,7,3,7,6,5,2,5,8,6,1,1,1,1,1,1,1,1,1,cello,19,FEMALE,1,,6,2,6,5,7,7,6,5,6,6,7,4,5,6,6,5,3,4,6,6,7,3,1,7,3,5,7,2,2,1,4,3,5,7,7,6,5,6,12,10,5,5,8,18,15,6,3,3,3,10,36,10,15,11,0,3,5,6,29,14,5,10,2,2,0,5,12,4,4,4,2,208,5,5,8,19,female,right,No,Normal,Spring,Sona,No,SINGLER,NO,NO,19,19,NO,NO,NO,NONE,NO,-1.51909305711619,0.4,6,-1.97300329461459
942,212,41,39,18,35,37,80,5,5,1,7,4,7,5,1,4,5,5,5,6,4,1,2,2,1,1,1,1,1,1,1,1,1,Baritone,21,Male,1,,4,4,4,7,1,7,5,2,7,2,7,3,6,3,6,4,3,5,1,1,5,3,1,5,2,5,7,1,6,7,5,4,7,7,7,6,3,7,10,7,4,8,6,18,15,6,2,3,3,13,33,11,9,13,0,6,8,33,45,13,16,16,2,3,0,16,26,11,8,7,3,209,4,8,6,21,male,right,No,Normal,Spring,Sona,No,SINGLER,NO,NO,21,21,NO,NO,NO,NONE,NO,-0.74524238206648,0.4,6,-1.97300329461459
943,213,48,52,9,27,34,66,4,5,7,7,1,7,5,5,5,4,2,4,1,5,8,2,2,1,1,1,1,1,1,1,1,1,I dont play one,19,FEMALE,1,,5,2,5,7,6,7,7,5,4,5,6,5,4,6,7,7,5,7,3,1,1,1,1,1,1,3,5,2,4,5,5,3,5,6,7,5,4,7,12,8,5,6,7,18,15,10,3,3,3,21,48,15,11,22,0,2,2,32,54,15,23,16,0,3,0,6,15,10,4,1,3,210,5,6,7,19,female,right,No,Normal,Spring,Sona,No,SINGLER,NO,NO,19,19,NO,NO,NO,NONE,NO,-0.633143562985902,0.666666666666667,6,-0.462211804445285
944,214,26,46,13,39,33,68,2,1,6,6,1,6,1,6,6,1,1,6,1,4,4,6,2,1,1,1,1,1,1,1,1,1,nonen,18,female,1,,2,1,2,2,2,5,3,3,6,5,7,2,4,6,6,6,4,6,1,1,7,1,1,1,1,6,6,5,6,4,6,6,5,5,6,6,5,6,12,7,5,8,7,20,15,6,1,7,8,45,66,24,22,20,1,7,7,51,64,22,17,25,0,4,0,23,30,8,12,10,4,,,,,,female,,,,Spring,Sona,No,SINGLER,NO,NO,,18,NO,NO,NO,NONE,NO,0.563229899785229,0.4,6.66666666666667,-1.760664688095
945,215,19,44,8,21,31,38,4,5,6,4,1,7,7,7,1,5,2,6,1,4,8,6,6,1,1,1,1,1,1,1,1,1,guitar,19,FEMALE,1,,2,1,1,2,2,1,5,2,3,5,7,2,3,6,7,7,2,5,1,1,1,1,1,1,2,5,3,1,2,2,6,2,5,5,7,2,5,7,12,10,9,9,8,26,13,8,5,4,7,28,44,8,17,19,3,2,3,34,55,18,19,18,1,6,1,8,17,9,5,3,7,211,9,9,8,19,female,right,No,Normal,Spring,Sona,No,SINGLER,NO,NO,19,19,NO,NO,NO,NONE,NO,-0.632709451504066,0.615384615384615,8.66666666666667,0.0966057966005096
946,216,40,47,10,22,34,60,7,4,1,3,5,5,5,6,7,3,5,1,1,5,6,6,2,1,1,1,1,1,1,1,1,1,,19,MALE,0,SSRI,5,3,5,5,3,5,6,3,5,6,6,4,5,5,6,6,3,6,4,1,1,1,1,1,1,2,2,4,6,3,2,3,4,5,5,7,6,7,11,10,7,8,6,21,15,6,5,11,12,8,29,11,5,13,1,1,2,20,40,10,14,16,1,1,0,12,31,11,10,10,1,212,7,8,6,19,male,right,No,Normal,Spring,Sona,No,SINGLER,NO,NO,19,19,NO,NO,NO,NONE,NO,-0.746637627491987,0.4,7,-1.6544953848352
947,217,39,39,26,32,34,78,5,5,5,5,4,7,7,7,4,5,5,5,4,5,2,1,2,2,3,1,1,1,1,1,1,1,Clarinet,2,FEMALE,1,,4,2,5,6,2,6,4,3,7,4,5,4,5,5,4,4,5,3,5,3,4,4,4,4,2,5,4,4,5,3,6,5,7,5,7,5,4,6,10,4,7,9,5,21,15,9,4,5,6,10,46,7,19,20,1,7,16,27,54,21,16,17,9,5,0,23,31,11,10,10,5,213,7,9,5,19,female,left,No,Normal,Spring,Sona,No,SINGLER,NO,NO,19,19,NO,NO,NO,NONE,NO,-0.0695553128841791,0.6,7,-0.521401767208228
948,218,36,46,18,31,30,69,2,4,2,5,2,6,4,4,2,4,2,7,1,4,8,9,8,1,1,1,1,1,1,1,1,1,Piano,18,FEMALE,1,,5,3,4,4,1,5,5,3,6,5,6,4,3,6,6,6,6,4,2,1,7,1,4,2,1,2,5,6,2,4,7,5,4,4,7,5,4,6,12,6,3,4,5,12,12,6,5,6,9,38,63,22,19,22,3,6,8,40,63,21,19,23,2,9,4,11,28,8,9,11,13,214,3,4,5,18,female,right,No,Corrected to Normal,Spring,Sona,No,SINGLER,NO,NO,18,18,NO,NO,NO,NONE,NO,0.3958750783641,0.5,4,-2.04347230535986
949,219,33,53,26,40,38,87,5,3,7,5,3,5,5,6,5,3,6,7,5,6,3,5,2,1,1,1,1,1,1,1,1,1,clarinet,18,female,1,,3,1,4,2,1,7,7,1,7,6,7,5,6,7,7,7,5,3,3,1,7,5,1,6,3,6,7,5,7,6,6,3,6,5,7,7,6,7,9,7,5,5,4,14,15,8,4,2,3,41,58,15,21,22,1,3,4,40,62,23,20,19,1,3,1,12,25,7,9,9,4,215,5,5,4,18,female,right,No,Corrected to Normal,Spring,Sona,No,SINGLER,NO,NO,18,18,NO,NO,NO,NONE,NO,0.142623632937186,0.533333333333333,4.66666666666667,-1.64228476256911
950,220,28,44,8,29,26,56,4,4,2,5,3,6,6,4,6,5,5,5,2,5,4,2,6,1,1,1,1,1,1,1,1,1,none,5,MALE,0,Vvyanse,4,1,4,2,1,4,4,4,4,5,7,4,5,5,4,7,3,4,2,1,1,1,1,1,1,4,6,3,4,5,4,3,3,4,4,5,3,7,11,10,6,7,7,20,15,4,2,3,4,4,21,11,5,5,1,4,5,0,17,7,4,6,1,10,0,0,2,0,1,1,10,216,6,7,7,19,male,right,No,Normal,Spring,Sona,No,SINGLER,NO,NO,19,19,NO,NO,NO,NONE,NO,-2.49171888802803,0.266666666666667,6.66666666666667,-2.51606043317965
951,221,31,46,7,41,28,61,1,5,6,1,1,7,7,7,1,5,1,5,1,7,3,3,5,1,1,1,1,1,1,1,1,1,none,20,FEMALE,1,NONE,2,1,2,2,2,7,6,2,7,3,7,5,1,7,6,5,6,6,1,1,1,1,1,1,1,6,5,2,7,7,7,7,2,3,7,3,6,7,14,7,10,9,7,26,15,7,3,5,5,16,47,18,12,17,0,10,11,4,22,8,8,6,1,2,0,15,21,8,6,7,2,217,10,9,7,20,female,right,No,Normal,Spring,Sona,No,SINGLER,NO,NO,20,20,NO,NO,NO,NONE,NO,-1.0487958748096,0.466666666666667,8.66666666666667,-0.745950995993908
952,222,38,47,18,29,35,70,4,6,3,4,4,7,5,3,5,5,6,6,1,6,4,1,8,1,1,1,1,1,1,1,1,1,clarinet,19,FEMALE,1,,5,2,5,5,2,6,6,3,4,6,5,5,6,3,6,7,3,6,5,2,1,1,1,5,3,4,6,5,4,2,6,2,5,6,7,4,7,6,9,8,9,7,7,23,15,9,4,3,5,40,63,20,24,19,2,4,10,49,64,16,23,25,6,2,2,24,34,11,11,12,4,218,9,7,7,19,female,right,No,Normal,Spring,Sona,No,SINGLER,NO,NO,19,19,NO,NO,NO,NONE,NO,0.644512423046626,0.6,7.66666666666667,-0.30906316068864
954,224,34,42,9,31,22,60,4,5,3,4,3,6,6,6,3,6,4,4,2,6,7,5,5,1,1,1,1,1,1,1,1,1,none,18,FEMALE,1,,3,2,6,5,2,4,5,2,5,5,6,6,6,6,4,2,2,5,2,2,1,1,1,1,1,4,6,4,5,4,6,2,2,2,5,2,5,6,11,5,8,6,7,21,15,11,4,5,5,0,16,5,5,6,0,5,7,11,28,11,16,1,2,2,1,7,20,10,5,5,3,220,8,6,7,18,female,right,No,Normal,Spring,Sona,No,SINGLER,NO,NO,18,18,NO,NO,NO,NONE,NO,-1.70977681958715,0.733333333333333,7,0.233993977876422
955,225,14,33,7,17,32,38,4,5,6,1,2,6,2,7,6,3,7,7,2,3,7,2,2,1,1,1,1,1,1,1,1,1,none,22,female,1,,2,1,2,1,1,3,1,2,1,5,3,3,2,3,5,5,5,2,1,1,1,1,1,1,1,2,5,1,3,2,3,1,6,6,6,3,5,6,11,10,5,7,5,17,15,2,2,9,10,0,16,13,1,2,1,7,8,3,12,8,1,3,1,1,1,9,21,8,7,6,2,221,5,7,5,22,female,right,No,Normal,Spring,Sona,No,SINGLER,NO,NO,22,22,NO,NO,NO,NONE,NO,-1.98209005283531,0.133333333333333,5.66666666666667,-3.58996408804368
956,226,32,45,20,29,32,66,4,3,2,4,5,3,4,4,5,4,5,5,2,7,5,6,8,1,1,1,1,1,1,1,1,1,saxophone,20,female,1,,4,3,5,3,2,3,3,5,4,5,6,5,4,5,6,5,5,4,3,2,4,4,1,5,1,3,2,5,5,5,6,3,5,6,5,4,5,7,13,9,8,9,7,24,15,12,5,3,7,10,31,10,9,12,4,7,7,42,56,18,16,22,0,8,1,14,25,8,10,7,9,222,8,9,7,20,female,right,No,Corrected to Normal,Spring,Sona,No,SINGLER,NO,NO,20,20,NO,NO,NO,NONE,NO,-0.617657725805395,0.8,8,0.93019976019813
957,227,32,43,11,29,24,59,1,4,7,5,2,6,5,4,5,4,5,7,2,5,8,8,8,1,1,1,1,1,1,1,1,1,voice,18,FEMALE,1,,4,2,5,4,2,4,6,2,3,5,6,4,5,4,6,5,4,4,5,1,1,1,1,1,1,3,6,4,4,3,5,4,3,5,6,2,2,6,12,9,11,8,9,28,15,12,4,3,3,16,45,12,20,13,0,1,2,48,65,21,23,21,1,2,0,37,40,14,14,12,2,223,11,8,9,18,female,right,No,Corrected to Normal,Spring,Sona,No,SINGLER,NO,NO,18,18,NO,NO,NO,NONE,NO,0.463925085028112,0.8,9.33333333333333,1.35487697323731
958,228,55,53,18,31,35,82,5,5,1,7,4,7,7,3,7,6,6,6,4,5,4,5,5,1,1,1,1,1,1,1,1,1,voice,19,FEMALE,1,,6,4,6,7,6,7,7,5,7,7,6,7,6,5,7,7,2,6,5,3,6,1,1,1,1,3,5,5,6,5,5,2,5,6,6,5,6,7,13,11,10,9,8,27,11,8,5,5,7,18,29,10,7,12,2,1,3,29,47,15,15,17,2,4,0,12,20,9,6,5,4,224,10,9,8,19,female,right,No,Normal,Spring,Sona,No,SINGLER,NO,NO,19,19,NO,NO,NO,NONE,NO,-1.03104082222595,0.727272727272727,9,0.836673627204066
959,,,,,,,,,,,,,,,,,,,,,,,,,,,,,,,,,,,,,,,,,,,,,,,,,,,,,,,,,,,,,,,,,,,,,,,,,,,,,13,6,7,6,7,20,15,8,4,3,5,39,62,16,23,23,2,2,12,6,42,13,15,14,10,4,0,13,27,8,9,10,4,225,7,6,7,19,male,right,No,Corrected to Normal,Spring,Sona,No,SINGLER,NO,NO,19,19,NO,NO,NO,NONE,NO,-0.0737309013546434,0.533333333333333,6.66666666666667,-1.00526894301035
960,229,38,39,23,24,32,59,7,6,1,4,1,5,6,4,7,7,6,6,1,5,4,8,6,1,1,1,1,1,1,1,1,1,Piano,18,FEMALE,1,,3,1,7,6,1,5,6,5,4,5,7,5,1,5,4,5,1,6,6,1,4,3,1,5,3,3,7,1,3,1,6,3,5,6,7,4,5,5,13,10,8,5,8,21,15,10,5,1,1,27,51,17,20,14,0,5,6,20,45,16,12,17,1,10,2,7,14,7,2,5,12,226,8,5,8,18,female,left,No,Normal,Spring,Sona,No,SINGLER,NO,NO,18,18,NO,NO,NO,NONE,NO,-0.774477610500151,0.666666666666667,7,-0.143703894665903
962,231,34,49,7,26,36,54,5,5,5,4,6,5,4,7,6,4,3,7,1,7,9,2,6,1,1,1,1,1,1,1,1,1,voice,20,FEMALE,1,,4,2,5,1,1,5,7,5,4,6,7,3,4,6,7,6,3,7,1,1,1,1,1,1,1,6,4,2,4,2,6,2,5,7,7,6,4,7,9,9,8,8,8,24,14,6,5,1,2,12,30,13,12,5,1,2,7,32,56,20,21,15,5,20,1,9,14,3,6,5,21,228,8,8,8,20,female,right,No,Corrected to Normal,Spring,Sona,No,SINGLER,NO,NO,20,20,NO,NO,NO,NONE,NO,-1.06175846005116,0.428571428571429,8,-1.17411695825197
963,232,28,52,17,21,39,56,1,4,1,5,1,7,5,5,4,4,2,6,1,5,9,8,8,1,1,1,1,1,1,1,1,1,piano,19,FEMALE,1,,4,1,3,3,3,4,5,4,1,7,7,5,4,5,7,7,4,6,4,2,1,1,4,3,2,2,2,3,5,2,5,2,5,6,7,7,7,7,15,11,7,8,5,20,15,13,5,3,4,32,59,21,20,18,1,0,0,61,71,25,23,23,0,1,1,30,36,12,10,14,2,229,7,8,5,19,female,right,No,Normal,Spring,Sona,No,SINGLER,NO,NO,19,19,NO,NO,NO,NONE,NO,0.761390869219482,0.866666666666667,6.66666666666667,0.883220419701279
964,233,46,42,28,31,31,81,4,4,6,4,4,4,4,6,4,4,5,5,4,4,7,5,2,1,1,1,1,1,1,1,1,1,singing,19,MALE,1,,7,2,4,4,4,7,6,5,7,4,5,4,5,6,4,4,4,6,6,2,6,6,1,5,2,4,6,3,4,4,6,4,4,5,6,3,6,7,12,10,6,7,7,20,12,7,5,4,5,31,52,18,14,20,1,1,2,68,72,22,25,25,1,12,0,2,10,3,4,3,12,230,6,7,7,19,male,left,No,Corrected to Normal,Spring,Sona,No,SINGLER,NO,NO,19,19,NO,NO,NO,NONE,NO,-0.379452259063184,0.583333333333333,6.66666666666667,-0.721995538603603
965,,,,,,,,,,,,,,,,,,,,,,,,,,,,,,,,,,,,,,,,,,,,,,,,,,,,,,,,,,,,,,,,,,,,,,,,,,,,,10,8,10,9,5,24,12,7,5,3,4,0,34,9,13,12,1,2,6,26,50,15,15,20,4,1,0,23,31,11,11,9,1,231,10,9,5,20,female,right,No,Normal,Spring,Sona,No,SINGLER,NO,NO,20,20,NO,NO,NO,NONE,NO,-0.433334657812219,0.583333333333333,8,-0.297318325564427
966,234,29,42,28,20,34,60,5,5,4,4,4,5,4,5,4,5,5,4,5,5,4,8,7,1,1,1,1,1,1,1,1,1,Upright Bass,19,MALE,1,,3,2,4,5,2,2,6,2,3,5,6,5,5,6,5,5,3,2,6,2,3,3,4,7,3,2,5,2,2,2,5,2,6,5,6,5,6,6,12,12,10,8,12,30,12,11,5,1,1,40,56,17,22,17,0,7,7,63,72,25,24,23,0,3,2,37,40,12,14,14,5,232,10,8,12,19,male,right,No,Corrected to Normal,Spring,Sona,No,SINGLER,NO,NO,19,19,NO,NO,NO,NONE,NO,0.862080781596049,0.916666666666667,10,2.22818685670596
967,235,35,44,10,26,34,57,1,3,7,5,4,5,5,6,4,4,2,6,2,6,7,6,6,1,1,1,1,1,1,1,1,1,drums,19,female,1,na,2,2,5,5,2,5,5,5,4,6,6,4,4,4,6,6,3,5,4,1,1,1,1,1,1,3,6,4,2,2,5,4,4,6,6,6,5,7,9,9,5,6,4,15,15,5,3,10,10,16,37,12,15,10,0,4,4,14,27,5,13,9,0,7,0,16,31,12,10,9,7,233,5,6,4,19,female,right,No,Corrected to Normal,Spring,Sona,No,SINGLER,NO,NO,19,19,NO,NO,NO,NONE,NO,-0.808167160344291,0.333333333333333,5,-2.66920907693629
968,236,50,63,41,41,41,113,5,4,4,2,5,7,7,4,5,2,6,7,2,7,5,6,6,1,1,1,3,1,3,1,1,1,piano,21,FEMALE,1,,7,6,7,7,5,7,5,3,3,7,7,7,7,7,7,7,7,7,7,7,7,5,6,7,2,4,7,7,6,6,7,4,7,7,7,7,7,6,13,7,8,9,7,24,15,12,5,8,10,25,47,17,14,16,2,11,19,19,45,13,17,15,8,3,0,20,30,7,11,12,3,234,8,9,7,21,female,right,No,I forgot my glasses.,Spring,Sona,No,SINGLER,NO,NO,21,21,NO,NO,NO,NONE,NO,-0.258580991809656,0.8,8,0.93019976019813
969,237,36,42,19,30,33,60,5,5,5,1,4,6,7,7,6,3,1,3,1,3,1,2,5,1,1,1,1,1,1,1,1,1,Clarinet,19,Female,1,,2,1,6,3,1,7,7,2,7,4,5,6,1,7,6,5,6,2,2,7,1,1,1,5,2,5,7,2,1,4,6,5,3,7,7,2,7,7,12,9,8,8,8,24,10,7,5,4,5,42,57,19,16,22,1,7,8,12,39,14,11,14,1,0,0,13,27,8,9,10,0,235,8,8,8,19,female,right,No,Normal,Spring,Sona,No,SINGLER,NO,NO,19,19,NO,NO,NO,NONE,NO,-0.25118214722822,0.7,8,0.363652951384642
971,239,38,51,32,43,31,97,5,4,1,5,2,5,5,7,7,4,7,6,5,4,4,6,6,1,1,1,2,3,1,2,3,1,voice,19,FEMALEn,1,,3,4,5,5,4,6,4,4,3,7,6,6,5,5,6,6,6,4,7,5,6,5,2,5,2,5,7,6,7,7,6,5,7,4,6,5,3,6,11,10,8,3,3,14,15,7,5,9,11,25,52,12,20,20,2,9,10,61,66,20,21,25,1,4,0,25,32,14,9,9,4,237,8,3,3,19,female,right,No,Corrected to Normal,Spring,Sona,No,SINGLER,NO,NO,19,19,NO,NO,NO,NONE,NO,0.344613243326101,0.466666666666667,4.66666666666667,-2.01998263511144
972,240,44,51,15,40,37,83,4,5,7,6,6,5,5,4,5,5,7,7,2,6,6,5,4,1,1,1,1,1,1,1,1,1,voice,22,FEMALE,1,,5,3,6,5,2,7,6,6,4,6,5,5,4,6,7,7,6,5,6,4,1,1,1,1,1,6,6,6,7,6,5,4,6,7,7,4,6,7,12,8,10,9,7,26,10,8,5,0,2,18,50,14,17,19,2,5,8,18,44,14,18,12,3,1,1,29,34,13,11,10,2,238,10,9,7,22,female,left,No,I forgot my glasses.,Spring,Sona,No,SINGLER,NO,NO,22,22,NO,NO,NO,NONE,NO,-0.0536309634297482,0.8,8.66666666666667,1.14253836671772
973,241,35,45,18,27,35,67,1,1,3,7,1,7,1,1,6,1,5,5,1,4,4,5,4,1,1,1,1,1,1,1,1,1,none,19,FEMALE,1,,2,1,6,5,2,6,6,3,4,6,6,5,5,5,4,5,4,5,2,7,1,3,1,3,1,4,6,4,5,3,4,1,5,7,7,4,6,6,9,4,9,5,7,21,15,10,4,5,8,32,64,23,20,21,3,8,10,42,59,18,20,21,2,4,0,13,20,6,6,8,4,239,9,5,7,19,female,right,No,Normal,Spring,Sona,No,SINGLER,NO,NO,19,19,NO,NO,NO,NONE,NO,0.0364513968525589,0.666666666666667,7,-0.143703894665903
974,242,37,60,27,45,38,105,5,4,6,4,7,2,5,7,5,5,5,7,1,5,3,8,8,1,1,1,1,1,1,1,1,1,voice,19,FEMALE,1,,6,2,6,6,2,7,5,2,1,7,7,7,6,7,7,7,7,5,6,6,5,5,1,1,3,7,7,7,7,6,6,5,6,7,7,6,6,6,13,7,7,9,7,23,15,8,3,5,6,40,55,21,16,18,1,4,4,3,14,3,8,3,0,6,2,2,4,3,1,0,8,240,7,9,7,19,female,right,No,Corrected to Normal,Spring,Sona,No,SINGLER,NO,NO,19,19,NO,NO,NO,NONE,NO,-1.66277333619356,0.533333333333333,7.66666666666667,-0.686761033230965
975,243,52,46,15,24,41,72,5,5,1,5,7,5,5,1,7,5,6,1,4,6,7,5,5,1,1,1,1,1,1,1,1,1,guitar,19,FEMALE,1,,6,5,6,7,6,7,7,4,4,5,6,5,6,6,5,5,2,6,2,2,1,4,1,3,2,3,6,1,3,2,6,3,7,7,6,7,7,7,13,9,7,8,7,22,15,10,5,5,5,30,61,22,17,22,0,7,7,54,71,24,23,24,0,2,2,5,15,6,6,3,4,241,7,8,7,19,female,right,No,Normal,Spring,Sona,No,SINGLER,NO,NO,19,19,NO,NO,NO,NONE,NO,0.00677765614496284,0.666666666666667,7.33333333333333,-0.0375345914061092
976,244,37,52,8,29,30,63,2,5,7,4,5,6,6,3,6,5,5,7,2,5,6,5,5,1,1,1,1,1,1,1,1,1,nothing,20,FEMALE,1,,5,2,5,5,2,4,6,5,3,7,6,5,6,6,6,6,4,6,2,1,1,1,1,1,1,3,6,5,5,3,5,2,4,6,5,4,5,6,12,10,6,6,5,17,15,2,2,6,10,0,34,14,7,13,4,7,10,18,38,13,16,9,3,5,1,9,19,7,3,9,6,,,,,,female,,,,Spring,Sona,No,SINGLER,NO,NO,,20,NO,NO,NO,NONE,NO,-1.12468323832897,0.133333333333333,5.66666666666667,-3.58996408804368
977,245,54,53,11,35,40,80,5,6,5,6,5,7,7,4,6,6,7,6,5,5,5,6,5,1,1,1,1,1,1,1,1,1,voice,18,MALE,1,,6,4,6,7,6,6,7,5,7,6,7,5,6,6,6,6,5,6,4,2,1,1,1,1,1,5,6,5,5,3,6,5,7,6,7,7,7,6,11,10,10,9,9,28,10,8,5,2,2,51,68,21,22,25,0,0,0,63,71,23,23,25,0,2,1,37,41,14,14,13,3,242,10,9,9,18,male,right,No,Corrected to Normal,Spring,Sona,No,SINGLER,NO,NO,18,18,NO,NO,NO,NONE,NO,1.1670281735428,0.8,9.33333333333333,1.35487697323731
978,246,44,46,9,25,38,62,4,5,6,5,5,6,3,2,7,3,6,5,5,3,7,6,6,1,1,1,1,1,1,1,1,1,guitar,19,Male,1,,6,2,6,6,1,7,6,3,7,5,7,5,4,6,4,6,3,6,2,1,1,1,1,2,1,2,6,2,6,2,5,2,7,6,7,5,6,7,10,5,9,8,7,24,15,12,5,2,2,23,52,14,17,21,0,1,1,30,57,20,14,23,0,3,0,16,25,10,6,9,3,243,9,8,7,19,male,right,No,Corrected to Normal,Spring,Sona,No,SINGLER,NO,NO,19,19,NO,NO,NO,NONE,NO,-0.0974882068723448,0.8,8,0.93019976019813
979,247,37,49,13,40,31,72,1,4,7,4,4,7,7,7,5,1,6,7,1,5,8,2,5,1,1,1,1,1,1,1,1,1,trumbone,18,MALE,1,,4,2,6,5,2,5,6,4,3,6,7,4,5,6,6,5,5,5,3,2,1,1,1,3,2,2,7,5,6,6,7,7,6,6,6,4,4,5,11,6,8,7,8,23,14,8,5,3,5,20,42,13,15,14,2,5,7,0,8,5,1,2,2,4,1,2,10,4,3,3,5,244,8,7,8,18,male,right,No,Normal,Spring,Sona,No,SINGLER,NO,NO,18,18,NO,NO,NO,NONE,NO,-1.8599833194902,0.571428571428571,7.66666666666667,-0.470933677492494
981,249,35,20,7,26,32,46,4,4,6,4,1,6,4,3,7,5,5,7,1,6,4,2,5,1,1,1,1,1,1,1,1,1,voice,21,FEMALE,1,NONE,5,1,3,3,5,5,5,5,3,3,6,1,2,2,1,1,1,3,1,1,1,1,1,1,1,5,2,1,1,6,6,5,4,5,6,3,7,7,9,6,8,8,8,24,13,11,5,3,6,15,49,18,19,12,3,1,9,37,58,21,16,21,8,0,0,20,30,13,9,8,0,246,8,8,8,21,female,right,No,Normal,Spring,Sona,No,SINGLER,NO,NO,21,21,NO,NO,NO,NONE,NO,0.0414066980987818,0.846153846153846,8,1.19168290272743
982,250,35,50,7,18,29,51,4,5,6,5,4,7,6,4,7,5,7,5,6,4,9,8,6,1,1,1,1,1,1,1,1,1,nothing,19,MALE,1,,4,1,5,4,2,4,6,5,4,6,6,5,6,3,6,6,6,6,1,1,1,1,1,1,1,1,6,3,2,2,3,1,1,6,7,4,4,7,12,9,10,9,10,29,15,10,5,2,5,42,66,22,21,23,3,1,1,75,75,25,25,25,0,3,3,11,22,10,7,5,6,247,10,9,10,19,male,right,No,Corrected to Normal,Spring,Sona,No,SINGLER,NO,NO,19,19,NO,NO,NO,NONE,NO,0.471071239295625,0.666666666666667,9.66666666666667,0.705650531412449
983,251,44,48,16,31,24,70,5,6,7,5,6,7,6,5,4,5,6,5,3,6,5,5,4,1,1,1,1,1,1,2,3,1,none,19,FEMALE,1,NONE,5,3,6,4,4,5,5,6,6,5,6,4,6,5,5,6,5,6,3,3,3,1,4,1,1,5,6,3,4,4,5,4,4,3,4,4,4,5,8,9,9,9,6,24,15,5,3,1,2,32,57,20,15,22,1,5,12,7,30,12,13,5,7,0,1,14,26,9,9,8,1,248,9,9,6,19,female,right,No,Corrected to Normal,Spring,Sona,No,SINGLER,NO,NO,19,19,NO,NO,NO,NONE,NO,-0.46405364185931,0.333333333333333,8,-1.71368534759815
984,252,32,44,15,26,27,57,4,5,7,3,3,7,5,6,5,4,5,7,4,7,8,5,6,1,1,1,1,1,1,1,1,1,voice,20,FEMALE,1,,4,2,4,5,2,5,6,2,2,6,6,5,5,5,6,6,1,4,3,1,1,4,1,4,1,3,5,2,3,3,5,5,3,2,7,4,5,6,12,8,7,9,6,22,11,5,5,4,4,36,54,14,15,25,0,4,7,41,62,15,23,24,3,3,1,14,25,7,6,12,4,249,7,9,6,20,female,right,No,Corrected to Normal,Spring,Sona,No,SINGLER,NO,NO,20,20,NO,NO,NO,NONE,NO,0.0472403701147321,0.454545454545455,7.33333333333333,-1.23930054949533
985,253,43,51,9,27,33,66,6,5,7,4,4,7,6,7,5,7,7,7,5,6,5,6,2,1,1,1,1,1,1,1,1,1,piano,22,female,0,concerta,5,4,6,6,3,5,7,4,3,6,6,3,6,7,5,6,6,6,2,2,1,1,1,1,1,2,1,2,4,6,7,5,5,5,6,5,5,7,9,8,8,6,6,20,15,8,5,2,5,9,41,11,15,15,3,5,6,61,69,21,25,23,1,3,3,7,17,6,6,5,6,250,8,6,6,22,female,right,No,Corrected to Normal,Spring,Sona,No,SINGLER,NO,NO,22,22,NO,NO,NO,NONE,NO,-0.432543451008526,0.533333333333333,6.66666666666667,-1.00526894301035
986,254,41,46,23,16,39,67,6,7,1,1,5,4,4,1,5,7,7,1,7,7,6,2,2,1,1,1,1,1,1,1,1,1,Guitar,25,Male,1,,5,2,6,5,5,6,6,2,4,3,6,4,6,6,5,5,5,6,6,2,3,6,1,3,2,6,2,1,1,2,2,2,6,7,7,5,7,7,13,6,7,6,6,19,12,6,5,2,2,7,25,11,8,6,0,4,4,3,18,8,6,4,0,2,1,2,8,0,5,3,3,251,7,6,6,25,male,left,No,Corrected to Normal,Spring,Sona,No,SINGLER,NO,NO,25,25,NO,NO,NO,NONE,NO,-2.14769828052305,0.5,6.33333333333333,-1.3002871825413
987,255,37,39,24,27,37,71,7,5,1,7,3,5,5,2,7,5,7,6,6,5,4,6,6,1,1,1,1,1,1,1,1,1,Clarinet,20,FEMALE,1,,2,4,7,5,3,6,3,3,4,3,5,3,2,3,6,5,6,6,5,2,5,4,1,5,2,5,3,5,4,3,5,2,7,6,7,3,7,7,13,9,10,7,11,28,15,8,5,4,4,6,33,10,10,13,0,5,9,12,26,13,1,12,4,3,0,28,39,13,13,13,3,252,10,7,11,20,female,right,No,Normal,Spring,Sona,No,SINGLER,NO,NO,20,20,NO,NO,NO,NONE,NO,-0.617317871525439,0.533333333333333,9.33333333333333,-0.155914516931995
988,256,38,53,32,32,37,85,7,5,1,5,5,5,4,2,7,7,6,4,4,7,4,7,7,2,4,3,2,4,2,2,3,3,Voice,32,FEMALE,1,,5,2,4,5,3,6,5,6,2,7,7,5,5,6,4,7,6,6,7,6,3,4,4,5,3,4,7,7,4,2,5,3,5,7,7,4,7,7,14,8,8,7,7,22,15,10,5,5,7,32,50,17,14,19,2,3,4,56,68,20,23,25,1,1,0,20,30,10,9,11,1,253,8,7,7,32,female,right,No,Normal,Spring,Musician,No,SINGLER,NO,YES,32,32,NO,NO,NO,NONE,NO,0.259326404956096,0.666666666666667,7.33333333333333,-0.0375345914061092
