subject,toneaccError,toneMathError,ToneAbsolute,TonePartial,TonePartialB1,TonePartialB2,TonePartialB3,ToneSpeedErr,OspanAccError,OspanMathError,MeanOspanAbsoluteScore,MeanOspanPartialScore,MeanOspanPartialScoreBlock1,MeanOspanPartialScoreBlock2,MeanOspanPartialScoreBlock3,OspanSpeedError,symmAccError,SymmSpeedError,MeanSspanAbsoluteScore,MeanSspanPartialScore,MeanSspanPartialScoreBlock1,MeanSspanPartialScoreBlock2,MeanSspanPartialScoreBlock3,MeanSymmErrorTotal,NumberAttempted,NumberTotalScore,NumberTotalTime,,,RavensBlock1,RavensBlock2,RavensBlock3,Ravens Block4,,BeatPerception,,MelodicMemory
500,6,7,62,72,24,25,23,1,3,5,63,69,20,25,24,2,3,3,17,25,9,8,8,6,10,7,5,500,500,9,8,7,24,500,14,500,8
501,2,2,41,57,17,19,21,0,1,2,49,64,18,23,23,1,1,0,22,29,10,12,7,1,15,13,5,501,501,11,9,11,31,501,15,501,7
502,2,3,48,65,22,19,24,1,3,3,63,68,18,25,25,0,2,0,20,28,10,10,8,2,11,4,5,502,502,11,9,9,29,502,16,502,8
503,0,4,46,64,25,18,21,4,1,3,27,50,12,21,17,2,4,1,10,26,11,7,8,5,12,9,5,503,503,10,10,8,28,503,15,503,10
504,9,12,62,73,24,25,24,3,12,12,38,63,22,23,18,0,2,1,11,25,10,7,8,3,7,4,5,504,504,9,9,7,25,504,12,504,10
505,1,1,3,15,4,9,2,0,4,7,21,26,15,10,1,3,0,0,3,14,3,3,8,0,14,8,5,505,505,8,7,10,25,505,9,505,5
506,6,6,51,59,16,25,18,0,6,9,43,64,21,21,22,3,1,0,28,36,14,9,13,1,14,11,5,506,506,9,10,9,28,506,15,506,8
507,2,2,62,71,25,25,21,0,3,8,60,68,25,20,23,5,1,0,23,32,13,10,9,1,15,14,5,507,507,9,9,10,28,507,7,507,6
508,4,5,28,56,21,19,16,1,3,7,55,62,17,25,20,4,0,0,29,35,8,13,14,0,12,8,5,508,508,8,8,7,23,508,14,508,7
509,7,7,45,63,18,22,23,0,4,5,65,71,21,25,25,1,1,3,20,35,12,10,13,4,12,4,5,509,509,8,8,10,26,509,14,509,12
510,2,2,23,48,15,18,15,0,0,0,28,50,15,17,18,0,2,0,17,26,11,6,9,2,11,7,5,510,510,10,9,10,29,510,15,510,10
511,2,4,61,68,20,25,23,2,4,5,68,74,25,24,25,1,2,1,10,21,6,8,7,3,15,7,4,511,511,5,6,5,16,511,16,511,9
512,5,8,43,58,18,18,22,3,3,4,57,67,24,18,25,1,3,2,20,28,12,10,6,5,14,9,5,512,512,9,9,9,27,512,13,512,4
513,4,4,69,73,23,25,25,0,5,5,52,66,25,18,23,0,0,1,30,39,12,13,14,1,15,6,2,513,513,8,5,6,19,513,16,513,10
514,5,6,56,63,16,22,25,1,8,10,38,58,14,20,24,2,0,0,33,38,12,12,14,0,15,9,3,514,514,7,8,7,22,514,14,514,9
515,3,5,43,62,20,23,19,2,2,2,75,75,25,25,25,0,0,1,32,35,10,14,11,1,12,9,5,515,515,9,9,12,30,515,16,515,9
516,4,5,47,64,20,20,24,1,3,4,37,59,22,15,22,1,2,4,9,12,5,3,4,6,15,10,5,516,516,9,8,7,24,516,13,516,9
517,1,1,55,68,23,20,25,0,2,2,75,75,25,25,25,0,1,0,28,36,11,13,12,1,15,13,4,517,517,10,8,9,27,517,12,517,10
518,2,2,39,65,18,23,24,0,2,2,42,59,19,23,17,0,1,1,28,34,12,14,8,2,15,5,4,518,518,8,7,7,22,518,10,518,8
519,1,2,52,66,17,25,24,1,2,4,55,62,21,20,21,2,1,0,23,32,9,12,11,1,15,7,5,519,519,4,1,3,8,519,11,519,11
520,5,7,48,67,21,22,24,2,2,3,55,68,22,25,21,1,2,0,19,30,13,11,6,2,15,8,3,520,520,9,9,6,24,520,12,520,6
521,5,6,22,60,20,19,21,1,7,8,40,62,22,23,17,1,0,0,25,33,12,12,9,0,13,8,5,521,521,9,8,10,27,521,16,521,10
522,2,3,63,69,25,19,25,1,2,3,51,68,22,22,24,1,0,0,38,41,13,14,14,0,15,13,5,522,522,11,11,11,33,522,14,522,8
523,5,5,43,61,18,20,23,0,5,8,49,64,20,22,22,3,4,0,20,31,7,12,12,4,15,12,5,523,523,8,9,6,23,523,13,523,9
524,2,2,26,50,10,19,21,0,4,5,43,59,23,18,18,1,3,4,11,17,4,6,7,7,14,8,5,524,524,4,1,5,10,524,10,524,10
525,2,3,49,68,20,24,24,1,3,7,38,51,19,14,18,4,3,0,32,39,13,12,14,3,12,7,5,525,525,10,9,9,28,525,13,525,4
526,11,11,19,57,17,18,22,0,7,7,42,60,20,20,20,0,2,0,22,35,12,11,12,2,15,10,4,526,526,8,8,9,25,526,12,526,8
527,8,9,29,49,17,10,22,1,3,3,43,59,18,17,24,0,0,1,19,28,8,12,8,1,15,5,4,527,527,10,8,6,24,527,13,527,8
528,2,3,44,64,23,18,23,1,3,6,45,59,17,20,22,3,0,4,33,40,14,12,14,4,15,13,5,528,528,6,9,7,22,528,8,528,9
529,6,8,28,57,18,17,22,2,1,1,61,70,22,23,25,0,0,0,24,31,13,12,6,0,12,10,5,529,529,8,10,10,28,529,14,529,10
530,2,2,56,69,21,23,25,0,4,5,34,51,17,20,14,1,3,1,21,32,11,9,12,4,15,12,5,530,530,10,10,12,32,530,16,530,9
531,5,7,66,70,23,22,25,2,5,7,54,65,20,22,23,2,1,2,28,37,11,13,13,3,15,6,1,531,531,6,8,7,21,531,16,531,6
532,5,5,22,47,12,13,22,0,6,6,50,61,19,25,17,0,0,0,11,22,6,9,7,0,15,7,5,532,532,2,1,2,5,532,16,532,10
533,5,9,51,64,20,20,24,4,3,8,54,70,24,23,23,5,1,0,36,38,14,12,12,1,15,12,5,533,533,11,12,11,34,533,13,533,10
534,2,7,42,63,19,22,22,5,1,1,62,72,23,25,24,0,0,0,33,39,11,14,14,0,10,8,5,534,534,12,11,10,33,534,12,534,8
535,3,3,18,44,17,12,15,0,0,0,35,52,15,14,23,0,1,0,13,21,8,5,8,1,15,9,5,535,535,7,8,6,21,535,14,535,11
536,4,5,49,69,22,22,25,1,3,5,55,63,25,20,18,2,2,1,28,35,12,13,10,3,13,9,5,536,536,10,10,7,27,536,15,536,10
537,6,7,32,50,19,16,15,1,1,1,34,52,21,15,16,0,10,0,0,15,6,3,6,10,11,5,5,537,537,9,7,6,22,537,12,537,11
538,4,5,17,52,14,19,19,1,8,22,21,45,18,16,11,14,1,1,22,28,11,10,7,2,15,4,3,538,538,7,6,7,20,538,15,538,7
539,7,10,57,66,17,24,25,3,4,4,64,72,25,24,23,0,2,1,24,37,13,13,11,3,15,6,1,539,539,7,6,5,18,539,10,539,9
540,2,3,48,67,21,23,23,1,5,6,33,49,21,16,12,1,2,0,37,40,12,14,14,2,15,10,3,540,540,8,7,5,20,540,15,540,6
541,0,1,31,57,19,19,19,1,1,1,69,73,25,23,25,0,3,3,30,37,14,11,12,6,15,8,3,541,541,7,9,7,23,541,12,541,7
542,3,4,68,74,24,25,25,1,1,1,63,71,21,25,25,0,1,2,28,39,14,13,12,3,15,11,5,542,542,9,6,8,23,542,16,542,11
543,3,6,7,30,10,11,9,3,5,5,42,67,21,22,24,0,0,0,13,26,8,12,6,0,15,11,5,543,543,9,8,7,24,543,10,543,10
544,1,1,30,52,14,21,17,0,4,6,55,67,19,23,25,2,5,1,16,25,11,7,7,6,10,8,5,544,544,8,7,9,24,544,13,544,9
545,7,8,51,65,23,21,21,1,5,6,57,70,25,22,23,1,1,1,30,39,12,13,14,2,10,8,5,545,545,10,10,11,31,545,11,545,7
546,4,6,4,24,10,7,7,2,5,6,22,37,15,18,4,1,17,0,0,7,3,3,1,17,15,9,4,546,546,9,8,4,21,546,8,546,9
547,11,13,21,43,16,8,19,2,6,10,8,16,5,10,1,4,1,0,24,32,13,10,9,1,15,11,4,547,547,9,8,6,23,547,14,547,7
548,8,9,51,61,19,17,25,1,6,8,31,53,19,14,20,2,1,1,16,26,8,13,5,2,15,6,5,548,548,10,8,5,23,548,15,548,10
549,7,8,61,72,24,25,23,1,1,2,75,75,25,25,25,1,0,2,27,33,11,12,10,2,15,13,4,549,549,11,9,9,29,549,14,549,11
550,3,4,64,70,20,25,25,1,3,5,47,68,23,22,23,2,1,0,25,31,6,14,11,1,15,9,5,550,550,10,10,10,30,550,16,550,7
551,1,1,68,74,25,24,25,0,3,3,68,74,24,25,25,0,1,3,23,34,12,11,11,4,14,11,5,551,551,12,10,12,34,551,13,551,6
552,1,2,61,71,25,24,22,1,3,5,68,73,25,25,23,2,1,2,27,34,13,9,12,3,13,11,5,552,552,9,9,9,27,552,16,552,13
553,1,3,34,55,17,18,20,2,1,6,68,74,25,25,24,5,0,0,25,33,7,12,14,0,13,8,5,553,553,8,7,8,23,553,13,553,8
554,0,0,56,64,19,20,25,0,1,1,39,61,21,21,19,0,0,1,28,36,13,13,10,1,15,13,5,554,554,10,8,10,28,554,15,554,9
555,4,4,33,59,19,21,19,0,6,9,34,51,23,14,14,3,0,0,24,28,11,7,10,0,13,9,5,555,555,8,9,10,27,555,10,555,8
556,7,10,15,43,11,13,19,3, , , , , , , , ,4,1,9,25,9,6,10,5, , , ,556,,,,,,556,,556,
700,3,4,50,65,20,25,20,1,1,2,46,64,23,19,22,1,0,0,34,39,12,13,14,0,15,14,5,700,700,11,10,11,32,700,16,700,9
701,3,5,50,66,22,19,25,2,2,6,68,73,23,25,25,4,1,0,24,34,11,13,10,1,14,10,5,701,701,8,7,8,23,701,15,701,11
702,5,5,56,66,22,22,22,0,0,3,63,68,21,22,25,3,0,0,27,36,13,11,12,0,15,11,5,702,702,9,4,7,20,702,9,702,8
703,7,10,61,69,22,22,25,3,4,5,55,69,21,23,25,1,0,2,26,36,12,11,13,2,15,12,5,703,703,8,10,11,29,703,14,703,11
704,5,5,46,63,19,25,19,0,5,6,15,46,8,16,22,1,1,0,20,28,8,9,11,1,10,7,5,704,704,10,9,11,30,704,13,704,8
705,7,10,39,53,17,16,20,3,2,4,26,57,17,17,23,2,4,0,35,39,14,11,14,4,14,10,5,705,705,8,8,9,25,705,10,705,10
706,4,5,51,63,17,22,24,1,3,7,26,42,7,19,16,4,0,0,19,31,10,12,9,0,15,10,3,706,706,8,8,7,23,706,15,706,7
707,2,3,45,62,18,21,23,1,5,5,56,71,23,25,23,0,1,0,32,35,14,12,9,1,14,8,5,707,707,9,10,7,26,707,13,707,10
708,8,9,23,50,15,17,18,1,8,10,42,58,22,18,18,2,3,1,15,27,6,12,9,4,13,11,5,708,708,9,7,10,26,708,15,708,10
709,3,4,50,61,25,21,15,1,2,7,63,67,25,18,24,5,2,0,27,36,13,11,12,2,14,11,5,709,709,10,7,9,26,709,14,709,10
710,5,7,4,35,12,14,9,2,3,6,58,72,24,25,23,3,3,0,17,26,9,11,6,3,12,8,5,710,710,7,10,7,24,710,14,710,7
711,4,4,29,49,13,16,20,0,8,8,45,58,18,20,20,0,3,1,7,21,7,9,5,4,13,10,5,711,711,9,11,12,32,711,9,711,7
712,4,8,30,57,17,16,24,4,4,8,3,21,11,5,5,4,4,2,0,11,4,4,3,6,13,9,5,712,712,10,10,6,26,712,9,712,10
713,4,4,40,59,15,19,25,0,1,2,63,68,25,19,24,1,1,4,16,28,9,7,12,5,15,7,5,713,713,9,7,9,25,713,11,713,10
714,5,5,50,57,13,23,21,0,5,8,33,59,20,22,17,3,3,0,42,42,14,14,14,3,15,12,4,714,714,9,9,9,27,714,11,714,10
715,5,5,75,75,25,25,25,0,2,7,44,65,19,24,22,5,1,0,31,37,13,11,13,1,15,10,5,715,715,8,8,10,26,715,15,715,9
716,3,5,54,66,24,21,21,2,6,11,45,57,15,24,18,5,2,0,25,33,14,9,10,2,11,7,5,716,716,6,8,10,24,716,15,716,11
717,4,5,49,61,25,18,18,1,0,2,37,61,16,24,21,2,4,1,21,28,9,10,9,5,14,8,5,717,717,7,8,9,24,717,12,717,8
718,2,4,38,55,19,19,17,2,8,9,25,47,12,17,18,1,0,2,20,30,10,7,13,2,11,9,5,718,718,12,9,11,32,718,15,718,10
719,3,3,50,68,21,22,25,0,2,5,52,64,21,22,21,3,1,1,38,39,11,14,14,2,15,13,5,719,719,10,10,10,30,719,15,719,5
720,2,5,37,63,20,21,22,3,2,2,75,75,25,25,25,0,0,0,33,38,10,14,14,0,13,10,5,720,720,10,11,11,32,720,15,720,11
721,4,6,41,60,19,20,21,2,2,3,75,75,25,25,25,1,10,6,2,11,5,2,4,16,15,8,3,721,721,4,6,7,17,721,6,721,10
722,6,9,61,69,22,22,25,3,2,2,69,73,23,25,25,0,1,0,37,39,11,14,14,1,15,14,5,722,722,11,10,12,33,722,16,722,11
723,4,6,47,61,16,20,25,2,7,17,29,38,15,19,4,10,0,2,18,32,9,13,10,2,11,8,5,723,723,10,10,10,30,723,13,723,10
724,5,6,43,62,20,23,19,1,4,4,42,61,21,20,20,0,3,0,22,32,13,12,7,3,15,8,5,724,724,10,10,8,28,724,16,724,10
725,1,4,62,67,22,25,20,3,2,5,55,66,19,25,22,3,2,1,29,38,13,13,12,3,12,10,5,725,725,10,10,9,29,725,16,725,10
726,3,3,33,58,16,20,22,0,4,6,37,58,20,18,20,2,0,0,13,22,6,6,10,0,11,7,5,726,726,7,8,5,20,726,14,726,7
727,4,6,58,69,22,22,25,2,8,10,7,38,16,8,14,2,2,1,15,23,10,8,5,3,14,11,5,727,727,10,9,8,27,727,9,727,12
728,2,3,50,63,17,21,25,1,2,2,61,72,23,24,25,0,2,0,15,26,7,7,12,2,11,9,5,728,728,10,8,8,26,728,16,728,8
729,3,4,68,74,25,25,24,1,1,1,59,70,25,22,23,0,1,0,38,40,14,12,14,1,11,8,5,729,729,12,9,11,32,729,16,729,11
730,6,9,32,56,17,17,22,3,3,5,35,59,23,18,18,2,7,0,20,28,7,10,11,7,10,8,5,730,730,12,10,10,32,730,13,730,8
731,6,7,42,61,19,22,20,1,5,5,43,57,15,18,24,0,0,1,14,24,7,8,9,1,13,10,5,731,731,9,11,9,29,731,11,731,8
732,2,3,55,71,24,22,25,1,2,4,63,71,25,22,24,2,1,1,32,36,10,14,12,2,14,11,5,732,732,8,9,7,24,732,16,732,10
733,17,20,18,51,16,16,19,3,6,15,22,43,23,16,4,9,5,0,23,36,12,13,11,5,10,7,5,733,733,11,9,12,32,733,13,733,5
734,6,7,24,46,16,18,12,1,5,5,39,54,19,18,17,0,15,3,2,5,2,1,2,18,15,13,4,734,734,7,8,5,20,734,8,734,12
735,1,1,62,67,25,19,23,0,2,2,68,73,23,25,25,0,1,3,2,13,6,1,6,4,10,6,5,735,735,9,7,11,27,735,16,735,10
736,17,18,30,55,18,13,24,1,14,14,40,59,23,19,17,0,4,1,34,38,14,13,11,5,15,8,5,736,736,7,10,7,24,736,16,736,9
737,8,9,3,22,12,4,6,1,5,5,0,6,1,3,2,0,3,0,0,9,3,4,2,3,15,10,3,737,737,6,8,7,21,737,9,737,9
738,10,12,24,48,18,12,18,2,6,7,54,62,22,20,20,1,3,0,6,23,9,6,8,3,11,7,5,738,738,9,7,8,24,738,10,738,8
739,4,7,57,67,20,25,22,3,2,11,62,70,24,25,21,9,0,1,25,35,9,13,13,1,10,6,5,739,739,9,9,8,26,739,15,739,11
740,3,3,62,71,21,25,25,0,3,5,58,69,24,24,21,2,1,1,37,39,14,14,11,2,15,11,4,740,740,10,9,7,26,740,16,740,10
741,4,5,57,70,23,25,22,1,7,7,44,65,21,24,20,0,4,0,26,34,12,13,9,4,15,13,5,741,741,11,8,9,28,741,9,741,10
742,4,4,62,72,24,25,23,0,7,12,62,68,19,25,24,5,1,1,27,37,11,13,13,2,15,14,4,742,742,10,8,10,28,742,16,742,9
900,4,5,53,64,24,17,23,1,1,4,37,63,20,21,22,3,2,0,23,37,12,12,13,2,15,9,4,900,900,9,8,10,27,900,9,900,11
901,5,6,21,40,15,20,5,1,11,15,53,59,23,22,14,4,1,4,16,26,8,8,10,5,15,8,3,901,901,7,6,7,20,901,16,901,8
902,4,6,7,38,9,18,11,2,2,3,58,70,24,25,21,1,4,0,15,27,8,8,11,4,15,9,3,902,902,8,9,7,24,902,7,902,12
903,2,3,57,69,23,24,22,1,1,1,62,71,25,21,25,0,0,1,25,31,6,12,13,1,13,10,5,903,903,10,10,10,30,903,16,903,11
904,7,9,6,31,8,11,12,2,9,11,10,29,12,5,12,2,3,1,17,29,9,11,9,4,15,4,4,904,904,6,6,6,18,904,11,904,8
905,6,7,24,46,15,18,13,1,2,5,19,41,12,12,17,3,2,1,14,24,8,8,8,3,15,3,2,905,905,6,5,7,18,905,11,905,9
906,7,7,15,42,14,12,16,0,5,6,28,48,11,21,16,1,1,0,20,31,8,10,13,1,15,4,2,906,906,7,8,5,20,906,15,906,10
907,2,4,61,71,24,22,25,2,3,3,75,75,25,25,25,0,0,0,38,40,14,12,14,0,8,6,5,907,907,11,10,11,32,907,9,907,10
908,5,5,47,57,17,16,24,0,4,4,55,67,18,24,25,0,0,1,20,27,10,12,5,1,15,11,5,908,908,9,10,8,27,908,8,908,9
909,7,9,37,60,15,22,23,2,8,15,4,29,14,11,4,7,5,2,19,27,6,12,9,7,10,8,5,909,909,7,8,6,21,909,12,909,9
910,3,3,11,45,16,17,12,0,5,5,48,61,22,18,21,0,3,0,11,23,7,9,7,3,15,7,2,910,910,6,6,5,17,910,13,910,7
911,5,6,20,39,8,17,14,1,3,4,19,39,12,18,9,1,0,0,2,15,4,5,6,0,15,5,3,911,911,4,6,3,13,911,9,911,8
912,1,3,7,20,9,5,6,2,2,4,0,6,4,1,1,2,1,2,0,8,2,2,4,3,12,8,5,912,912,6,6,6,18,912,8,912,6
913,3,7,0,22,5,8,9,4,3,3,24,41,10,16,15,0,1,0,4,16,7,3,6,1,15,11,4,913,913,9,6,10,25,913,12,913,7
914,3,3,22,47,17,14,16,0,2,2,55,65,18,22,25,0,2,3,7,22,8,5,9,5,15,13,3,914,914,8,9,8,25,914,12,914,11
915,6,6,19,53,16,18,19,0,7,8,55,67,24,18,25,1,2,0,7,25,8,8,9,2,15,10,4,915,915,10,10,7,27,915,14,915,8
916,4,5,21,52,18,19,15,1,7,12,3,12,3,9,0,5,1,0,4,15,3,5,7,1,14,9,5,916,916,6,8,5,19,916,14,916,8
917,0,1,28,56,19,20,17,1,2,2,43,56,20,15,21,0,3,0,29,37,14,12,11,3,14,11,5,917,917,10,9,9,28,917,10,917,6
918,2,4,9,36,17,8,11,2,12,15,23,38,14,10,14,3,4,1,9,17,10,3,4,5,15,9,5,918,918,9,7,8,24,918,12,918,7
919,2,3,15,41,18,14,9,1,3,4,19,33,14,6,13,1,3,1,4,9,4,4,1,4,15,4,3,919,919,8,8,6,22,919,9,919,9
920,0,1,45,65,23,23,19,1,3,3,56,66,23,25,18,0,1,0,29,33,10,11,12,1,9,7,5,920,920,11,8,10,29,920,11,920,11
921,3,3,35,53,17,11,25,0,4,4,63,73,24,24,25,0,1,0,16,24,10,8,6,1,15,11,5,921,921,9,8,7,24,921,16,921,9
922,2,9,37,58,20,21,17,7,5,11,21,39,18,12,9,6,1,0,12,20,8,6,6,1,14,12,5,922,922,10,11,9,30,922,8,922,8
923,5,8,23,51,15,20,16,3,3,10,60,67,20,24,23,7,12,0,12,25,10,9,6,12,15,9,5,923,923,8,8,5,21,923,14,923,10
924,3,4,44,64,21,21,22,1,2,2,69,74,25,24,25,0,0,0,19,34,12,12,10,0,15,15,4,924,924,5,8,8,21,924,11,924,7
925,3,7,6,37,12,11,14,4,4,6,13,26,17,4,5,2,3,0,7,20,6,10,4,3,15,9,4,925,925,7,7,8,22,925,14,925,10
926,5,11,32,53,16,19,18,6,2,2,39,59,20,21,18,0,0,2,19,34,10,10,14,2,15,10,4,926,926,7,7,7,21,926,13,926,9
927,1,2,14,37,16,9,12,1,3,4,26,44,22,15,7,1,8,3,10,16,6,5,5,11,15,8,3,927,927,8,7,3,18,927,9,927,8
928,5,5,38,60,24,20,16,0,2,3,45,67,24,22,21,1,2,0,13,28,10,9,9,2,9,6,5,928,928,7,7,6,20,928,13,928,7
929,2,4,38,61,22,21,18,2,3,3,48,64,19,24,21,0,3,1,12,20,6,6,8,4,15,12,5,929,929,6,5,8,19,929,11,929,7
930,4,8,43,58,13,25,20,4,2,2,56,69,20,24,25,0,7,0,24,30,9,13,8,7,14,8,5,930,930,11,9,11,31,930,13,930,10
931,23,24,17,43,15,12,16,1,9,11,25,45,18,15,12,2,2,0,15,25,9,9,7,2,15,4,2,931,931,8,7,7,22,931,12,931,7
932,7,9,17,36,10,17,9,2,8,11,6,24,12,8,4,3,4,1,8,26,7,7,12,5,15,4,5,932,932,6,6,6,18,932,9,932,7
933,8,9,14,45,11,15,19,1,10,13,34,44,13,13,18,3,8,0,18,26,8,8,10,8,13,4,5,933,933,8,8,6,22,933,12,933,5
934,1,1,6,23,9,7,7,0,2,2,0,10,4,1,5,0,0,0,0,4,2,1,1,0,15,6,3,934,934,5,6,8,19,934,11,934,6
935,0,2,28,54,18,20,16,2,1,6,38,58,17,22,19,5,2,2,13,26,7,9,10,4,9,6,5,935,935,10,6,4,20,935,13,935,10
936,6,7,12,37,8,13,16,1,3,5,6,21,8,2,11,2,3,0,7,13,7,3,3,3,13,9,5,936,936,11,9,11,31,936,8,936,6
937,2,2,29,62,23,18,21,0,1,2,69,73,25,23,25,1,0,1,20,33,10,13,10,1,11,7,5,937,937,11,8,11,30,937,13,937,7
938,6,7,3,34,10,9,15,1,5,5,4,17,7,7,3,0,1,0,8,18,6,7,5,1,14,4,5,938,938,5,6,5,16,938,11,938,8
939,5,5,57,64,25,16,23,0,4,4,34,64,20,22,22,0,1,0,15,33,9,12,12,1,15,6,4,939,939,8,6,6,20,939,13,939,7
940,2,3,19,40,14,10,16,1,3,4,13,29,10,17,2,1,0,2,6,17,7,5,5,2,15,7,5,940,940,8,6,7,21,940,8,940,5
941,3,3,10,36,10,15,11,0,3,5,6,29,14,5,10,2,2,0,5,12,4,4,4,2,15,6,3,941,941,5,5,8,18,941,12,941,10
942,3,3,13,33,11,9,13,0,6,8,33,45,13,16,16,2,3,0,16,26,11,8,7,3,15,6,2,942,942,4,8,6,18,942,10,942,7
943,3,3,21,48,15,11,22,0,2,2,32,54,15,23,16,0,3,0,6,15,10,4,1,3,15,10,3,943,943,5,6,7,18,943,12,943,8
944,7,8,45,66,24,22,20,1,7,7,51,64,22,17,25,0,4,0,23,30,8,12,10,4,15,6,1,944,944,5,8,7,20,944,12,944,7
945,4,7,28,44,8,17,19,3,2,3,34,55,18,19,18,1,6,1,8,17,9,5,3,7,13,8,5,945,945,9,9,8,26,945,12,945,10
946,11,12,8,29,11,5,13,1,1,2,20,40,10,14,16,1,1,0,12,31,11,10,10,1,15,6,5,946,946,7,8,6,21,946,11,946,10
947,5,6,10,46,7,19,20,1,7,16,27,54,21,16,17,9,5,0,23,31,11,10,10,5,15,9,4,947,947,7,9,5,21,947,10,947,4
948,6,9,38,63,22,19,22,3,6,8,40,63,21,19,23,2,9,4,11,28,8,9,11,13,12,6,5,948,948,3,4,5,12,948,12,948,6
949,2,3,41,58,15,21,22,1,3,4,40,62,23,20,19,1,3,1,12,25,7,9,9,4,15,8,4,949,949,5,5,4,14,949,9,949,7
950,3,4,4,21,11,5,5,1,4,5,0,17,7,4,6,1,10,0,0,2,0,1,1,10,15,4,2,950,950,6,7,7,20,950,11,950,10
951,5,5,16,47,18,12,17,0,10,11,4,22,8,8,6,1,2,0,15,21,8,6,7,2,15,7,3,951,951,10,9,7,26,951,14,951,7
952,3,5,40,63,20,24,19,2,4,10,49,64,16,23,25,6,2,2,24,34,11,11,12,4,15,9,4,952,952,9,7,7,23,952,9,952,8
953,8,8,22,41,8,15,18,0,6,9,27,56,16,17,23,3,3,0,12,23,5,8,10,3,13,6,5,953,953,5,6,6,17,953,10,953,9
954,5,5,0,16,5,5,6,0,5,7,11,28,11,16,1,2,2,1,7,20,10,5,5,3,15,11,4,954,954,8,6,7,21,954,11,954,5
955,9,10,0,16,13,1,2,1,7,8,3,12,8,1,3,1,1,1,9,21,8,7,6,2,15,2,2,955,955,5,7,5,17,955,11,955,10
956,3,7,10,31,10,9,12,4,7,7,42,56,18,16,22,0,8,1,14,25,8,10,7,9,15,12,5,956,956,8,9,7,24,956,13,956,9
957,3,3,16,45,12,20,13,0,1,2,48,65,21,23,21,1,2,0,37,40,14,14,12,2,15,12,4,957,957,11,8,9,28,957,12,957,9
958,5,7,18,29,10,7,12,2,1,3,29,47,15,15,17,2,4,0,12,20,9,6,5,4,11,8,5,958,958,10,9,8,27,958,13,958,11
959,3,5,39,62,16,23,23,2,2,12,6,42,13,15,14,10,4,0,13,27,8,9,10,4,15,8,4,959,959,7,6,7,20,959,13,959,6
960,1,1,27,51,17,20,14,0,5,6,20,45,16,12,17,1,10,2,7,14,7,2,5,12,15,10,5,960,960,8,5,8,21,960,13,960,10
961,5,6,0,23,8,7,8,1,1,1,0,2,0,1,1,0,7,13,11,15,6,5,4,20,15,5,1,961,961,0,0,1,1,961,9,961,6
962,1,2,12,30,13,12,5,1,2,7,32,56,20,21,15,5,20,1,9,14,3,6,5,21,14,6,5,962,962,8,8,8,24,962,9,962,9
963,3,4,32,59,21,20,18,1,0,0,61,71,25,23,23,0,1,1,30,36,12,10,14,2,15,13,5,963,963,7,8,5,20,963,15,963,11
964,4,5,31,52,18,14,20,1,1,2,68,72,22,25,25,1,12,0,2,10,3,4,3,12,12,7,5,964,964,6,7,7,20,964,12,964,10
965,3,4,0,34,9,13,12,1,2,6,26,50,15,15,20,4,1,0,23,31,11,11,9,1,12,7,5,965,965,10,9,5,24,965,10,965,8
966,1,1,40,56,17,22,17,0,7,7,63,72,25,24,23,0,3,2,37,40,12,14,14,5,12,11,5,966,966,10,8,12,30,966,12,966,12
967,10,10,16,37,12,15,10,0,4,4,14,27,5,13,9,0,7,0,16,31,12,10,9,7,15,5,3,967,967,5,6,4,15,967,9,967,9
968,8,10,25,47,17,14,16,2,11,19,19,45,13,17,15,8,3,0,20,30,7,11,12,3,15,12,5,968,968,8,9,7,24,968,13,968,7
969,4,5,42,57,19,16,22,1,7,8,12,39,14,11,14,1,0,0,13,27,8,9,10,0,10,7,5,969,969,8,8,8,24,969,12,969,9
970,35,36,19,36,11,14,11,1,25,29,48,56,25,21,10,4,17,0,28,35,11,10,14,17,15,6,2,970,970,2,4,2,8,970,9,970,7
971,9,11,25,52,12,20,20,2,9,10,61,66,20,21,25,1,4,0,25,32,14,9,9,4,15,7,5,971,971,8,3,3,14,971,11,971,10
972,0,2,18,50,14,17,19,2,5,8,18,44,14,18,12,3,1,1,29,34,13,11,10,2,10,8,5,972,972,10,9,7,26,972,12,972,8
973,5,8,32,64,23,20,21,3,8,10,42,59,18,20,21,2,4,0,13,20,6,6,8,4,15,10,4,973,973,9,5,7,21,973,9,973,4
974,5,6,40,55,21,16,18,1,4,4,3,14,3,8,3,0,6,2,2,4,3,1,0,8,15,8,3,974,974,7,9,7,23,974,13,974,7
975,5,5,30,61,22,17,22,0,7,7,54,71,24,23,24,0,2,2,5,15,6,6,3,4,15,10,5,975,975,7,8,7,22,975,13,975,9
976,6,10,0,34,14,7,13,4,7,10,18,38,13,16,9,3,5,1,9,19,7,3,9,6,15,2,2,976,976,6,6,5,17,976,12,976,10
977,2,2,51,68,21,22,25,0,0,0,63,71,23,23,25,0,2,1,37,41,14,14,13,3,10,8,5,977,977,10,9,9,28,977,11,977,10
978,2,2,23,52,14,17,21,0,1,1,30,57,20,14,23,0,3,0,16,25,10,6,9,3,15,12,5,978,978,9,8,7,24,978,10,978,5
979,3,5,20,42,13,15,14,2,5,7,0,8,5,1,2,2,4,1,2,10,4,3,3,5,14,8,5,979,979,8,7,8,23,979,11,979,6
980,3,3,0,0,0,0,0,0,6,9,23,29,18,11,0,3,1,0,16,29,8,9,12,1,15,13,5,980,980,12,10,8,30,980,7,980,10
981,3,6,15,49,18,19,12,3,1,9,37,58,21,16,21,8,0,0,20,30,13,9,8,0,13,11,5,981,981,8,8,8,24,981,9,981,6
982,2,5,42,66,22,21,23,3,1,1,75,75,25,25,25,0,3,3,11,22,10,7,5,6,15,10,5,982,982,10,9,10,29,982,12,982,9
983,1,2,32,57,20,15,22,1,5,12,7,30,12,13,5,7,0,1,14,26,9,9,8,1,15,5,3,983,983,9,9,6,24,983,8,983,9
984,4,4,36,54,14,15,25,0,4,7,41,62,15,23,24,3,3,1,14,25,7,6,12,4,11,5,5,984,984,7,9,6,22,984,12,984,8
985,2,5,9,41,11,15,15,3,5,6,61,69,21,25,23,1,3,3,7,17,6,6,5,6,15,8,5,985,985,8,6,6,20,985,9,985,8
986,2,2,7,25,11,8,6,0,4,4,3,18,8,6,4,0,2,1,2,8,0,5,3,3,12,6,5,986,986,7,6,6,19,986,13,986,6
987,4,4,6,33,10,10,13,0,5,9,12,26,13,1,12,4,3,0,28,39,13,13,13,3,15,8,5,987,987,10,7,11,28,987,13,987,9
988,5,7,32,50,17,14,19,2,3,4,56,68,20,23,25,1,1,0,20,30,10,9,11,1,15,10,5,988,988,8,7,7,22,988,14,988,8
1001,4,5,32,47,13,17,17,1,3,5,27,43,15,12,16,2,1,0,30,37,14,10,13,1,11,7,5,1001,1001,8,9,11,28,1001,11,1001,6
1002,3,4,51,64,25,19,20,1,2,5,47,58,21,24,13,3,4,0,23,36,12,12,12,4,15,11,5,1002,1002,6,9,9,24,1002,9,1002,4
1003,1,4,26,60,21,19,20,3,1,3,56,67,22,25,20,2,0,0,22,32,12,7,13,0,14,11,5,1003,1003,9,10,11,30,1003,12,1003,7
1004,1,1,61,73,24,24,25,0,1,5,62,70,23,22,25,4,0,1,28,37,13,12,12,1,13,8,5,1004,1004,9,12,9,30,1004,11,1004,6
1005,4,4,25,50,13,16,21,0,2,2,30,57,18,16,23,0,0,0,29,36,12,10,14,0,12,10,5,1005,1005,11,6,10,27,1005,15,1005,8
1006,6,8,50,65,22,20,23,2,2,3,61,71,23,25,23,1,1,6,9,28,10,8,10,7,13,10,5,1006,1006,9,9,8,26,1006,12,1006,7
1007,5,5,3,7,1,3,3,0,8,15,12,15,14,1,0,7,4,0,22,26,11,6,9,4,15,12,5,1007,1007,6,6,8,20,1007,16,1007,10
1008,4,5,65,71,23,25,23,1,2,2,59,70,24,25,21,0,1,0,28,34,13,12,9,1,14,8,5,1008,1008,9,9,6,24,1008,11,1008,9
1009,6,6,8,30,9,8,13,0,3,5,38,56,21,16,19,2,4,0,17,25,8,11,6,4,14,12,5,1009,1009,9,6,8,23,1009,13,1009,6
1010,4,5,49,65,19,23,23,1,3,3,75,75,25,25,25,0,0,1,37,41,13,14,14,1,15,13,5,1010,1010,11,9,10,30,1010,15,1010,5
1011,4,4,3,34,11,14,9,0,5,6,24,41,16,17,8,1,2,0,17,26,13,7,6,2,15,9,5,1011,1011,10,9,10,29,1011,12,1011,7
1012,4,5,21,59,20,19,20,1,7,9,32,53,18,12,23,2,1,0,12,24,10,6,8,1,15,8,5,1012,1012,11,9,7,27,1012,15,1012,10
1013,5,7,37,62,20,23,19,2,2,2,56,67,21,25,21,0,3,0,37,38,14,14,10,3,12,9,5,1013,1013,10,9,8,27,1013,9,1013,7
1014,1,5,16,38,11,11,16,4,5,5,46,65,20,24,21,0,3,0,7,21,6,6,9,3,15,11,5,1014,1014,8,8,7,23,1014,7,1014,8
1015,1,1,23,56,19,18,19,0,1,2,68,74,25,25,24,1,2,1,22,32,13,11,8,3,12,7,5,1015,1015,10,8,9,27,1015,9,1015,10
1016,8,9,0,24,8,7,9,1,2,5,32,53,19,16,18,3,2,1,8,20,8,9,3,3,15,2,1,1016,1016,4,6,5,15,1016,12,1016,5
1017,7,13,15,45,14,18,13,6,10,14,24,52,15,22,15,4,1,1,12,28,11,9,8,2,15,10,4,1017,1017,8,8,8,24,1017,8,1017,7
1018,3,4,24,46,18,11,17,1,5,5,62,67,21,25,21,0,1,0,14,29,9,10,10,1,15,13,5,1018,1018,7,8,8,23,1018,12,1018,8
1019,1,2,15,33,9,12,12,1,5,5,4,37,16,11,10,0,1,2,7,19,6,9,4,3,11,8,5,1019,1019,9,9,7,25,1019,15,1019,11
1020,5,8,19,56,17,19,20,3,3,7,49,61,20,19,22,4,3,1,20,26,9,11,6,4,13,7,5,1020,1020,7,8,5,20,1020,9,1020,10
1021,18,19,10,42,16,11,15,1,17,18,29,51,18,14,19,1,4,1,4,19,7,6,6,5,15,5,4,1021,1021,6,9,5,20,1021,12,1021,6
1022,7,9,45,63,17,25,21,2,2,3,30,51,15,17,19,1,0,0,22,33,14,8,11,0,13,10,5,1022,1022,10,11,12,33,1022,12,1022,9
1023,8,9,24,47,18,15,14,1,8,8,35,54,17,15,22,0,3,0,13,22,8,8,6,3,11,4,5,1023,1023,8,8,9,25,1023,8,1023,4
1024,2,3,28,56,19,15,22,1,4,4,72,74,24,25,25,0,1,2,22,32,9,13,10,3,15,10,5,1024,1024,8,9,7,24,1024,9,1024,8
1025,2,5,31,54,16,20,18,3,2,2,31,44,17,12,15,0,0,0,12,24,10,6,8,0,14,9,5,1025,1025,4,7,5,16,1025,9,1025,6
1026,2,2,51,67,22,22,23,0,4,5,51,60,21,25,14,1,2,1,7,18,5,7,6,3,15,11,5,1026,1026,10,7,9,26,1026,10,1026,9
1027,2,2,17,40,13,13,14,0,0,0,9,32,9,11,12,0,2,1,6,17,3,7,7,3,12,6,5,1027,1027,9,9,9,27,1027,15,1027,9
1028,4,7,29,47,9,20,18,3,3,6,28,54,17,19,18,3,2,0,12,25,8,6,11,2,14,8,5,1028,1028,7,9,5,21,1028,9,1028,11
1029,2,3,14,46,17,14,15,1,2,6,37,61,21,18,22,4,1,1,7,16,3,5,8,2,15,8,3,1029,1029,4,7,8,19,1029,10,1029,6
1030,3,3,23,55,18,17,20,0,5,6,40,63,17,23,23,1,4,0,16,23,6,11,6,4,11,8,5,1030,1030,9,9,9,27,1030,10,1030,10
1031,6,6,0,11,6,5,0,0,3,4,13,23,5,5,13,1,2,0,2,9,4,3,2,2,15,5,2,1031,1031,8,5,5,18,1031,6,1031,8
1032,7,9,26,45,12,20,13,2,12,21,42,55,25,10,20,9,4,2,7,25,9,8,8,6,15,8,4,1032,1032,6,5,4,15,1032,13,1032,9
1033,6,7,44,68,21,24,23,1,2,5,68,72,25,22,25,3,1,0,30,36,14,11,11,1,13,10,5,1033,1033,6,9,10,25,1033,11,1033,11
1034,5,5,37,49,14,12,23,0,2,4,28,55,22,14,19,2,3,0,14,24,9,7,8,3,10,8,5,1034,1034,8,9,9,26,1034,12,1034,12
1035,2,3,41,58,20,20,18,1,4,5,54,68,25,25,18,1,0,0,28,33,10,13,10,0,12,7,5,1035,1035,10,9,8,27,1035,11,1035,7
1036,1,2,55,68,23,24,21,1,2,4,49,65,25,19,21,2,1,0,23,31,10,10,11,1,12,10,5,1036,1036,11,8,12,31,1036,13,1036,8
1037,5,6,24,42,9,17,16,1,2,6,25,46,19,13,14,4,1,0,9,25,9,5,11,1,15,9,5,1037,1037,8,7,5,20,1037,12,1037,8
1038,4,9,19,50,13,18,19,5,7,7,68,74,25,24,25,0,2,4,12,30,9,10,11,6,13,6,5,1038,1038,6,9,7,22,1038,10,1038,8
1039,6,7,37,61,21,21,19,1,3,5,61,68,20,23,25,2,1,0,28,38,13,11,14,1,14,8,5,1039,1039,10,8,7,25,1039,8,1039,8
1040,2,4,42,56,20,20,16,2, , , , , , , , ,1,0,19,31,7,12,12,1,11,9,5,1040,1040,9,8,8,25,1040,13,1040,13
1041,0,3,38,66,23,20,23,3, , , , , , , , ,6,2,11,27,12,5,10,8,11,7,5,1041,1041,9,8,7,24,1041,12,1041,7
1042,5,6,53,65,25,19,21,1,3,3,68,73,25,23,25,0,1,0,29,37,12,13,12,1,15,10,5,1042,1042,3,6,7,16,1042,10,1042,9
1043,2,2,8,46,12,18,16,0,0,0,50,64,20,22,22,0,1,1,16,28,9,9,10,2,15,8,5,1043,1043,9,9,9,27,1043,10,1043,9
1044,2,4,18,39,14,16,9,2,1,5,57,64,19,23,22,4,1,1,15,22,4,8,10,2,15,13,4,1044,1044,8,7,6,21,1044,10,1044,9
1045,6,6,7,28,8,8,12,0,8,9,0,12,9,1,2,1,3,1,7,16,4,4,8,4,11,5,5,1045,1045,10,10,8,28,1045,10,1045,6
1046,8,9,50,61,18,19,24,1,2,3,37,58,20,19,19,1,5,1,16,30,11,8,11,6,11,9,5,1046,1046,11,10,9,30,1046,11,1046,11
1047,2,3,50,66,23,20,23,1,3,3,33,59,18,24,17,0,1,0,27,32,10,10,12,1,15,8,5,1047,1047,9,9,11,29,1047,14,1047,10
1048,3,4,28,49,16,15,18,1,2,6,61,70,24,21,25,4,1,0,18,29,9,8,12,1,12,7,5,1048,1048,10,7,7,24,1048,15,1048,10
1049,3,6,23,58,22,17,19,3,2,6,41,60,16,20,24,4,2,0,13,28,7,11,10,2,10,7,5,1049,1049,10,7,5,22,1049,14,1049,8
1050,4,6,50,62,18,21,23,2,4,4,8,25,14,4,7,0,2,3,8,18,6,9,3,5,15,5,4,1050,1050,8,6,7,21,1050,9,1050,12
1051,5,5,0,24,5,6,13,0,9,15,0,23,13,7,3,6,5,0,17,33,10,12,11,5,15,8,4,1051,1051,8,10,8,26,1051,9,1051,6
1052,3,6,33,58,18,19,21,3,7,13,24,54,22,16,16,6,1,0,35,40,13,13,14,1,15,10,4,1052,1052,9,10,10,29,1052,15,1052,10
1053,4,7,44,67,19,24,24,3,0,0,61,71,23,25,23,0,1,0,7,20,6,7,7,1,13,7,5,1053,1053,9,8,8,25,1053,9,1053,8
1054,2,3,44,63,21,19,23,1,3,4,68,70,25,20,25,1,2,0,25,31,11,10,10,2,14,12,5,1054,1054,8,8,5,21,1054,12,1054,8
1055,1,2,22,44,11,15,18,1,6,9,34,58,19,20,19,3,1,0,15,25,7,9,9,1,15,7,5,1055,1055,9,9,6,24,1055,12,1055,11
1056,3,5,27,44,12,17,15,2,2,2,50,67,23,21,23,0,0,0,17,30,10,9,11,0,15,14,5,1056,1056,9,10,9,28,1056,7,1056,8
1057,1,1,7,33,12,14,7,0,4,5,0,5,3,1,1,1,13,0,4,11,6,3,2,13,15,8,4,1057,1057,6,7,8,21,1057,13,1057,10
1058,4,4,10,35,14,9,12,0,5,5,24,49,11,18,20,0,2,0,7,22,7,6,9,2,15,8,3,1058,1058,8,6,2,16,1058,13,1058,7
1300,4,13,38,63,23,20,20,9,3,3,68,74,25,24,25,0,1,0,35,40,13,14,13,1,15,11,5,1300,1300,9,10,9,28,1300,12,1300,8
1301,2,2,46,65,18,22,25,0,3,4,61,71,22,24,25,1,4,1,32,39,12,13,14,5,11,9,5,1301,1301,10,9,12,31,1301,16,1301,10
1302,9,10,37,57,23,17,17,1,9,14,23,48,15,15,18,5,5,1,9,24,7,11,6,6,15,7,5,1302,1302,8,7,7,22,1302,13,1302,10
1303,1,1,63,71,23,23,25,0,4,6,42,54,15,23,16,2,2,0,29,36,12,14,10,2,13,10,5,1303,1303,9,7,5,21,1303,11,1303,10
1304,6,7,44,63,20,23,20,1,8,9,62,69,22,22,25,1,2,0,17,34,11,13,10,2,15,11,5,1304,1304,9,9,6,24,1304,12,1304,9
1305,4,6,50,60,19,22,19,2,9,11,24,40,20,11,9,2,5,0,19,29,6,12,11,5,15,7,4,1305,1305,7,6,7,20,1305,15,1305,6
1306,2,2,18,44,11,16,17,0,29,33,16,40,14,18,8,4,8,1,15,26,4,9,13,9,15,6,3,1306,1306,3,5,5,13,1306,10,1306,8
1307,1,1,37,55,22,22,11,0,2,4,44,62,23,21,18,2,1,0,20,30,10,9,11,1,15,6,3,1307,1307,6,7,8,21,1307,12,1307,12
1308,2,4,75,75,25,25,25,2,1,2,75,75,25,25,25,1,2,1,29,39,13,13,13,3,15,11,5,1308,1308,12,10,12,34,1308,11,1308,11
1309,0,0,70,72,22,25,25,0,4,4,75,75,25,25,25,0,1,0,35,38,13,11,14,1,15,11,4,1309,1309,12,10,11,33,1309,13,1309,10
1310,6,7,37,53,18,17,18,1,3,4,51,67,25,22,20,1,1,0,24,33,10,14,9,1,12,5,5,1310,1310,8,9,7,24,1310,14,1310,11
1311,3,4,38,49,16,13,20,1,4,4,49,65,22,21,22,0,1,2,23,31,11,11,9,3,13,9,5,1311,1311,8,8,9,25,1311,10,1311,8
1312,5,8,32,53,13,18,22,3,2,3,62,70,20,25,25,1,1,0,37,38,14,10,14,1,10,5,5,1312,1312,9,7,8,24,1312,11,1312,12
,,,,,,,,,,,,,,,,,,,,,,,,,,,,,,,,,,,,,
,,,,,,,,,,,,,,,,,,,,,,,,,,,,,,,,,,,,,
,,,,,,,,,,,,,,,,,,,,,,,,,,,,,,,,,,,,,
,,,,,,,,,,,,,,,,,,,,,,,,,,,,,,,,,,,,,
,,,,,,,,,,,,,,,,,,,,,,,,,,,,,,,,,,,,,
Yellow-Erecovery..need to check if all trials completed (used text file for score because Edata aid won't open)…No final score output for Ospan,,,,,,,,,,,,,,,,,,,,,,,,,,,,,,,,,,,,,
Blue- didn’t finish experiment,,,,,,,,,,,,,,,,,,,,,,,,,,,,,,,,,,,,,
"Green- Missing, not reported missing in binder, Eprime files might be hiding somewhere in computer",,,,,,,,,,,,,,,,,,,,,,,,,,,,,,,,,,,,,
